{"Rank": {"0": "1", "1": "2", "2": "3", "3": "4", "4": "5", "5": "6", "6": "7", "7": "8", "8": "9T", "9": "9T", "10": "11", "11": "12", "12": "13", "13": "14", "14": "15", "15": "16", "16": "17", "17": "18", "18": "19T", "19": "19T"}, "Player": {"0": "Michael Jordan", "1": "Magic Johnson", "2": "David Robinson", "3": "Charles Barkley", "4": "Karl Malone", "5": "Clyde Drexler", "6": "Kevin Johnson", "7": "Dominique Wilkins", "8": "Larry Bird", "9": "Terry Porter", "10": "Patrick Ewing", "11": "John Stockton", "12": "Isiah Thomas", "13": "Robert Parish", "14": "Joe Dumars", "15": "Bernard King", "16": "Kenny Smith", "17": "Hakeem Olajuwon", "18": "Tim Hardaway", "19": "Kevin McHale"}, "Age": {"0": 27, "1": 31, "2": 25, "3": 27, "4": 27, "5": 28, "6": 24, "7": 31, "8": 34, "9": 27, "10": 28, "11": 28, "12": 29, "13": 37, "14": 27, "15": 34, "16": 25, "17": 28, "18": 24, "19": 33}, "Tm": {"0": "CHI", "1": "LAL", "2": "SAS", "3": "PHI", "4": "UTA", "5": "POR", "6": "PHO", "7": "ATL", "8": "BOS", "9": "POR", "10": "NYK", "11": "UTA", "12": "DET", "13": "BOS", "14": "DET", "15": "WSB", "16": "HOU", "17": "HOU", "18": "GSW", "19": "BOS"}, "First": {"0": 77.0, "1": 10.0, "2": 6.0, "3": 2.0, "4": 0.0, "5": 1.0, "6": 0.0, "7": 0.0, "8": 0.0, "9": 0.0, "10": 0.0, "11": 0.0, "12": 0.0, "13": 0.0, "14": 0.0, "15": 0.0, "16": 0.0, "17": 0.0, "18": 0.0, "19": 0.0}, "Pts Won": {"0": 891.0, "1": 497.0, "2": 476.0, "3": 222.0, "4": 142.0, "5": 75.0, "6": 32.0, "7": 29.0, "8": 25.0, "9": 25.0, "10": 20.0, "11": 15.0, "12": 11.0, "13": 10.0, "14": 8.0, "15": 7.0, "16": 5.0, "17": 4.0, "18": 1.0, "19": 1.0}, "Pts Max": {"0": 960, "1": 960, "2": 960, "3": 960, "4": 960, "5": 960, "6": 960, "7": 960, "8": 960, "9": 960, "10": 960, "11": 960, "12": 960, "13": 960, "14": 960, "15": 960, "16": 960, "17": 960, "18": 960, "19": 960}, "Share": {"0": 0.9279999999999999, "1": 0.518, "2": 0.496, "3": 0.231, "4": 0.14800000000000002, "5": 0.078, "6": 0.033, "7": 0.03, "8": 0.026000000000000002, "9": 0.026000000000000002, "10": 0.021, "11": 0.016, "12": 0.011000000000000001, "13": 0.01, "14": 0.008, "15": 0.006999999999999999, "16": 0.005, "17": 0.004, "18": 0.001, "19": 0.001}, "G": {"0": 82, "1": 79, "2": 82, "3": 67, "4": 82, "5": 82, "6": 77, "7": 81, "8": 60, "9": 81, "10": 81, "11": 82, "12": 48, "13": 81, "14": 80, "15": 64, "16": 78, "17": 56, "18": 82, "19": 68}, "MP": {"0": 37.0, "1": 37.1, "2": 37.7, "3": 37.3, "4": 40.3, "5": 34.8, "6": 36.0, "7": 38.0, "8": 38.0, "9": 32.9, "10": 38.3, "11": 37.8, "12": 34.5, "13": 30.1, "14": 38.1, "15": 37.5, "16": 34.6, "17": 36.8, "18": 39.2, "19": 30.4}, "PTS": {"0": 31.5, "1": 19.4, "2": 25.6, "3": 27.6, "4": 29.0, "5": 21.5, "6": 22.2, "7": 25.9, "8": 19.4, "9": 17.0, "10": 26.6, "11": 17.2, "12": 16.2, "13": 14.9, "14": 20.4, "15": 28.4, "16": 17.7, "17": 21.2, "18": 22.9, "19": 18.4}, "TRB": {"0": 6.0, "1": 7.0, "2": 13.0, "3": 10.1, "4": 11.8, "5": 6.7, "6": 3.5, "7": 9.0, "8": 8.5, "9": 3.5, "10": 11.2, "11": 2.9, "12": 3.3, "13": 10.6, "14": 2.3, "15": 5.0, "16": 2.1, "17": 13.8, "18": 4.0, "19": 7.1}, "AST": {"0": 5.5, "1": 12.5, "2": 2.5, "3": 4.2, "4": 3.3, "5": 6.0, "6": 10.1, "7": 3.3, "8": 7.2, "9": 8.0, "10": 3.0, "11": 14.2, "12": 9.3, "13": 0.8, "14": 5.5, "15": 4.6, "16": 7.1, "17": 2.3, "18": 9.7, "19": 1.9}, "STL": {"0": 2.7, "1": 1.3, "2": 1.5, "3": 1.6, "4": 1.1, "5": 1.8, "6": 2.1, "7": 1.5, "8": 1.8, "9": 2.0, "10": 1.0, "11": 2.9, "12": 1.6, "13": 0.8, "14": 1.1, "15": 0.9, "16": 1.4, "17": 2.2, "18": 2.6, "19": 0.4}, "BLK": {"0": 1.0, "1": 0.2, "2": 3.9, "3": 0.5, "4": 1.0, "5": 0.7, "6": 0.1, "7": 0.8, "8": 1.0, "9": 0.1, "10": 3.2, "11": 0.2, "12": 0.2, "13": 1.3, "14": 0.1, "15": 0.3, "16": 0.1, "17": 3.9, "18": 0.1, "19": 2.1}, "FG%": {"0": 0.539, "1": 0.47700000000000004, "2": 0.552, "3": 0.57, "4": 0.527, "5": 0.48200000000000004, "6": 0.516, "7": 0.47, "8": 0.45399999999999996, "9": 0.515, "10": 0.514, "11": 0.507, "12": 0.435, "13": 0.598, "14": 0.48100000000000004, "15": 0.47200000000000003, "16": 0.52, "17": 0.508, "18": 0.47600000000000003, "19": 0.5529999999999999}, "3P%": {"0": 0.312, "1": 0.32, "2": 0.14300000000000002, "3": 0.284, "4": 0.28600000000000003, "5": 0.319, "6": 0.205, "7": 0.341, "8": 0.389, "9": 0.415, "10": 0.0, "11": 0.345, "12": 0.292, "13": 0.0, "14": 0.311, "15": 0.21600000000000003, "16": 0.363, "17": 0.0, "18": 0.385, "19": 0.405}, "FT%": {"0": 0.851, "1": 0.9059999999999999, "2": 0.762, "3": 0.722, "4": 0.77, "5": 0.794, "6": 0.843, "7": 0.8290000000000001, "8": 0.8909999999999999, "9": 0.823, "10": 0.745, "11": 0.836, "12": 0.782, "13": 0.767, "14": 0.89, "15": 0.79, "16": 0.8440000000000001, "17": 0.769, "18": 0.8029999999999999, "19": 0.8290000000000001}, "WS": {"0": 20.3, "1": 15.4, "2": 17.0, "3": 13.4, "4": 15.5, "5": 12.4, "6": 12.7, "7": 11.4, "8": 6.6, "9": 13.0, "10": 10.0, "11": 14.0, "12": 3.4, "13": 10.0, "14": 9.9, "15": 3.5, "16": 9.0, "17": 8.6, "18": 9.9, "19": 7.9}, "WS/48": {"0": 0.321, "1": 0.251, "2": 0.264, "3": 0.258, "4": 0.225, "5": 0.209, "6": 0.22, "7": 0.177, "8": 0.14, "9": 0.235, "10": 0.155, "11": 0.217, "12": 0.098, "13": 0.198, "14": 0.155, "15": 0.07, "16": 0.161, "17": 0.201, "18": 0.14800000000000002, "19": 0.182}}