{"Rank": {"0": "1", "1": "2", "2": "3", "3": "4", "4": "5", "5": "6", "6": "7", "7": "8", "8": "9", "9": "10", "10": "11", "11": "12", "12": "13", "13": "14T", "14": "14T"}, "Player": {"0": "Larry Bird", "1": "Bernard King", "2": "Magic Johnson", "3": "Kareem Abdul-Jabbar", "4": "Isiah Thomas", "5": "Julius Erving", "6": "Adrian Dantley", "7": "Sidney Moncrief", "8": "Jeff Ruland", "9": "Moses Malone", "10": "Mark Aguirre", "11": "Bill Laimbeer", "12": "Rickey Green", "13": "World B. Free", "14": "Marques Johnson"}, "Age": {"0": 27, "1": 27, "2": 24, "3": 36, "4": 22, "5": 33, "6": 27, "7": 26, "8": 25, "9": 28, "10": 24, "11": 26, "12": 29, "13": 30, "14": 27}, "Tm": {"0": "BOS", "1": "NYK", "2": "LAL", "3": "LAL", "4": "DET", "5": "PHI", "6": "UTA", "7": "MIL", "8": "WSB", "9": "PHI", "10": "DAL", "11": "DET", "12": "UTA", "13": "CLE", "14": "MIL"}, "First": {"0": 52.0, "1": 11.0, "2": 5.0, "3": 3.0, "4": 1.0, "5": 1.0, "6": 1.0, "7": 1.0, "8": 1.0, "9": 0.0, "10": 0.0, "11": 0.0, "12": 0.0, "13": 0.0, "14": 0.0}, "Pts Won": {"0": 652.0, "1": 373.0, "2": 305.0, "3": 153.0, "4": 115.0, "5": 98.0, "6": 88.0, "7": 70.0, "8": 38.0, "9": 35.0, "10": 28.0, "11": 9.0, "12": 8.0, "13": 1.0, "14": 1.0}, "Pts Max": {"0": 760, "1": 760, "2": 760, "3": 760, "4": 760, "5": 760, "6": 760, "7": 760, "8": 760, "9": 760, "10": 760, "11": 760, "12": 760, "13": 760, "14": 760}, "Share": {"0": 0.858, "1": 0.491, "2": 0.401, "3": 0.201, "4": 0.151, "5": 0.129, "6": 0.11599999999999999, "7": 0.092, "8": 0.05, "9": 0.046, "10": 0.037000000000000005, "11": 0.012, "12": 0.011000000000000001, "13": 0.001, "14": 0.001}, "G": {"0": 79, "1": 77, "2": 67, "3": 80, "4": 82, "5": 77, "6": 79, "7": 79, "8": 75, "9": 71, "10": 79, "11": 82, "12": 81, "13": 75, "14": 74}, "MP": {"0": 38.3, "1": 34.6, "2": 38.3, "3": 32.8, "4": 36.7, "5": 34.8, "6": 37.8, "7": 38.9, "8": 41.1, "9": 36.8, "10": 36.7, "11": 34.9, "12": 34.2, "13": 31.7, "14": 36.7}, "PTS": {"0": 24.2, "1": 26.3, "2": 17.6, "3": 21.5, "4": 21.3, "5": 22.4, "6": 30.6, "7": 20.9, "8": 22.2, "9": 22.7, "10": 29.5, "11": 17.3, "12": 13.2, "13": 22.3, "14": 20.7}, "TRB": {"0": 10.1, "1": 5.1, "2": 7.3, "3": 7.3, "4": 4.0, "5": 6.9, "6": 5.7, "7": 6.7, "8": 12.3, "9": 13.4, "10": 5.9, "11": 12.2, "12": 2.8, "13": 2.9, "14": 6.5}, "AST": {"0": 6.6, "1": 2.1, "2": 13.1, "3": 2.6, "4": 11.1, "5": 4.0, "6": 3.9, "7": 4.5, "8": 3.9, "9": 1.4, "10": 4.5, "11": 1.8, "12": 9.2, "13": 3.0, "14": 4.3}, "STL": {"0": 1.8, "1": 1.0, "2": 2.2, "3": 0.7, "4": 2.5, "5": 1.8, "6": 0.8, "7": 1.4, "8": 0.9, "9": 1.0, "10": 1.0, "11": 0.6, "12": 2.7, "13": 1.3, "14": 1.6}, "BLK": {"0": 0.9, "1": 0.2, "2": 0.7, "3": 1.8, "4": 0.4, "5": 1.8, "6": 0.1, "7": 0.3, "8": 1.0, "9": 1.5, "10": 0.3, "11": 1.0, "12": 0.2, "13": 0.1, "14": 0.6}, "FG%": {"0": 0.49200000000000005, "1": 0.5720000000000001, "2": 0.565, "3": 0.578, "4": 0.462, "5": 0.512, "6": 0.5579999999999999, "7": 0.498, "8": 0.579, "9": 0.483, "10": 0.524, "11": 0.53, "12": 0.486, "13": 0.445, "14": 0.502}, "3P%": {"0": 0.247, "1": 0.0, "2": 0.207, "3": 0.0, "4": 0.33799999999999997, "5": 0.33299999999999996, "6": 0.25, "7": 0.278, "8": 0.14300000000000002, "9": 0.0, "10": 0.268, "11": 0.0, "12": 0.11800000000000001, "13": 0.319, "14": 0.154}, "FT%": {"0": 0.888, "1": 0.779, "2": 0.81, "3": 0.723, "4": 0.733, "5": 0.754, "6": 0.8590000000000001, "7": 0.848, "8": 0.733, "9": 0.75, "10": 0.7490000000000001, "11": 0.866, "12": 0.821, "13": 0.784, "14": 0.7090000000000001}, "WS": {"0": 13.6, "1": 12.1, "2": 10.2, "3": 8.9, "4": 9.1, "5": 10.1, "6": 14.6, "7": 12.7, "8": 9.3, "9": 9.5, "10": 9.0, "11": 10.8, "12": 7.9, "13": 5.3, "14": 8.6}, "WS/48": {"0": 0.215, "1": 0.218, "2": 0.191, "3": 0.163, "4": 0.14400000000000002, "5": 0.18, "6": 0.235, "7": 0.198, "8": 0.14400000000000002, "9": 0.175, "10": 0.149, "11": 0.18100000000000002, "12": 0.138, "13": 0.107, "14": 0.152}}