{"Rank": {"0": "1", "1": "2", "2": "3", "3": "4", "4": "5", "5": "6", "6": "7", "7": "8", "8": "9", "9": "10", "10": "11T", "11": "11T", "12": "11T", "13": "14T", "14": "14T"}, "Player": {"0": "Bob Pettit", "1": "Bill Russell", "2": "Elgin Baylor", "3": "Bob Cousy", "4": "Paul Arizin", "5": "Dolph Schayes", "6": "Larry Costello", "7": "Kenny Sears", "8": "Cliff Hagan", "9": "Jack Twyman", "10": "Tom Gola", "11": "Richie Guerin", "12": "Dick McGuire", "13": "Al Bianchi", "14": "Gene Shue"}, "Age": {"0": 26, "1": 24, "2": 24, "3": 30, "4": 30, "5": 30, "6": 27, "7": 25, "8": 27, "9": 24, "10": 26, "11": 26, "12": 33, "13": 26, "14": 27}, "Tm": {"0": "STL", "1": "BOS", "2": "MNL", "3": "BOS", "4": "PHW", "5": "SYR", "6": "SYR", "7": "NYK", "8": "STL", "9": "CIN", "10": "PHW", "11": "NYK", "12": "DET", "13": "SYR", "14": "DET"}, "First": {"0": 59.0, "1": 10.0, "2": 2.0, "3": 4.0, "4": 1.0, "5": 1.0, "6": 3.0, "7": 1.0, "8": 1.0, "9": 0.0, "10": 0.0, "11": 0.0, "12": 0.0, "13": 0.0, "14": 0.0}, "Pts Won": {"0": 317.0, "1": 144.0, "2": 88.0, "3": 71.0, "4": 39.0, "5": 26.0, "6": 15.0, "7": 12.0, "8": 11.0, "9": 7.0, "10": 3.0, "11": 3.0, "12": 3.0, "13": 1.0, "14": 1.0}, "Pts Max": {"0": 410, "1": 410, "2": 410, "3": 410, "4": 410, "5": 410, "6": 410, "7": 410, "8": 410, "9": 410, "10": 410, "11": 410, "12": 410, "13": 410, "14": 410}, "Share": {"0": 0.773, "1": 0.35100000000000003, "2": 0.215, "3": 0.17300000000000001, "4": 0.095, "5": 0.063, "6": 0.037000000000000005, "7": 0.028999999999999998, "8": 0.027000000000000003, "9": 0.017, "10": 0.006999999999999999, "11": 0.006999999999999999, "12": 0.006999999999999999, "13": 0.002, "14": 0.002}, "G": {"0": 72, "1": 70, "2": 70, "3": 65, "4": 70, "5": 72, "6": 70, "7": 71, "8": 72, "9": 72, "10": 64, "11": 71, "12": 71, "13": 72, "14": 72}, "MP": {"0": 39.9, "1": 42.6, "2": 40.8, "3": 37.0, "4": 40.0, "5": 36.7, "6": 39.3, "7": 35.2, "8": 37.5, "9": 37.7, "10": 36.5, "11": 36.0, "12": 29.1, "13": 24.7, "14": 38.1}, "PTS": {"0": 29.2, "1": 16.7, "2": 24.9, "3": 20.0, "4": 26.4, "5": 21.3, "6": 15.8, "7": 21.0, "8": 23.7, "9": 25.8, "10": 14.1, "11": 18.2, "12": 9.2, "13": 10.0, "14": 17.6}, "TRB": {"0": 16.4, "1": 23.0, "2": 15.0, "3": 5.5, "4": 9.1, "5": 13.4, "6": 5.2, "7": 9.3, "8": 10.9, "9": 9.1, "10": 11.1, "11": 7.3, "12": 4.0, "13": 2.8, "14": 4.7}, "AST": {"0": 3.1, "1": 3.2, "2": 4.1, "3": 8.6, "4": 1.7, "5": 2.5, "6": 5.4, "7": 1.9, "8": 3.4, "9": 2.9, "10": 4.2, "11": 5.1, "12": 6.2, "13": 2.2, "14": 3.2}, "STL": {"0": NaN, "1": NaN, "2": NaN, "3": NaN, "4": NaN, "5": NaN, "6": NaN, "7": NaN, "8": NaN, "9": NaN, "10": NaN, "11": NaN, "12": NaN, "13": NaN, "14": NaN}, "BLK": {"0": NaN, "1": NaN, "2": NaN, "3": NaN, "4": NaN, "5": NaN, "6": NaN, "7": NaN, "8": NaN, "9": NaN, "10": NaN, "11": NaN, "12": NaN, "13": NaN, "14": NaN}, "FG%": {"0": 0.43799999999999994, "1": 0.457, "2": 0.408, "3": 0.384, "4": 0.431, "5": 0.387, "6": 0.43700000000000006, "7": 0.49, "8": 0.456, "9": 0.42, "10": 0.401, "11": 0.424, "12": 0.42700000000000005, "13": 0.377, "14": 0.38799999999999996}, "3P%": {"0": NaN, "1": NaN, "2": NaN, "3": NaN, "4": NaN, "5": NaN, "6": NaN, "7": NaN, "8": NaN, "9": NaN, "10": NaN, "11": NaN, "12": NaN, "13": NaN, "14": NaN}, "FT%": {"0": 0.759, "1": 0.598, "2": 0.777, "3": 0.855, "4": 0.813, "5": 0.8640000000000001, "6": 0.802, "7": 0.861, "8": 0.774, "9": 0.7829999999999999, "10": 0.787, "11": 0.802, "12": 0.74, "13": 0.723, "14": 0.8029999999999999}, "WS": {"0": 14.8, "1": 12.9, "2": 9.8, "3": 8.7, "4": 13.0, "5": 9.4, "6": 8.5, "7": 13.3, "8": 11.7, "9": 7.3, "10": 7.4, "11": 8.4, "12": 6.9, "13": 1.8, "14": 5.6}, "WS/48": {"0": 0.24600000000000002, "1": 0.20800000000000002, "2": 0.165, "3": 0.174, "4": 0.223, "5": 0.171, "6": 0.149, "7": 0.256, "8": 0.209, "9": 0.129, "10": 0.153, "11": 0.158, "12": 0.16, "13": 0.048, "14": 0.098}}