{"Rank": {"0": "1", "1": "2", "2": "3", "3": "4", "4": "5", "5": "6", "6": "7", "7": "8", "8": "9", "9": "10", "10": "11", "11": "12T", "12": "12T", "13": "12T", "14": "12T"}, "Player": {"0": "LeBron James", "1": "Kevin Durant", "2": "Kobe Bryant", "3": "Dwight Howard", "4": "Dwyane Wade", "5": "Carmelo Anthony", "6": "Dirk Nowitzki", "7": "Steve Nash", "8": "Deron Williams", "9": "Amar'e Stoudemire", "10": "Manu Gin\u00f3bili", "11": "Chauncey Billups", "12": "Chris Bosh", "13": "Stephen Jackson", "14": "Joe Johnson"}, "Age": {"0": 25, "1": 21, "2": 31, "3": 24, "4": 28, "5": 25, "6": 31, "7": 35, "8": 25, "9": 27, "10": 32, "11": 33, "12": 25, "13": 31, "14": 28}, "Tm": {"0": "CLE", "1": "OKC", "2": "LAL", "3": "ORL", "4": "MIA", "5": "DEN", "6": "DAL", "7": "PHO", "8": "UTA", "9": "PHO", "10": "SAS", "11": "DEN", "12": "TOR", "13": "TOT", "14": "ATL"}, "First": {"0": 116.0, "1": 4.0, "2": 0.0, "3": 3.0, "4": 0.0, "5": 0.0, "6": 0.0, "7": 0.0, "8": 0.0, "9": 0.0, "10": 0.0, "11": 0.0, "12": 0.0, "13": 0.0, "14": 0.0}, "Pts Won": {"0": 1205.0, "1": 609.0, "2": 599.0, "3": 478.0, "4": 119.0, "5": 65.0, "6": 55.0, "7": 49.0, "8": 7.0, "9": 5.0, "10": 3.0, "11": 1.0, "12": 1.0, "13": 1.0, "14": 1.0}, "Pts Max": {"0": 1230, "1": 1230, "2": 1230, "3": 1230, "4": 1230, "5": 1230, "6": 1230, "7": 1230, "8": 1230, "9": 1230, "10": 1230, "11": 1230, "12": 1230, "13": 1230, "14": 1230}, "Share": {"0": 0.98, "1": 0.495, "2": 0.48700000000000004, "3": 0.389, "4": 0.09699999999999999, "5": 0.053, "6": 0.045, "7": 0.04, "8": 0.006, "9": 0.004, "10": 0.002, "11": 0.001, "12": 0.001, "13": 0.001, "14": 0.001}, "G": {"0": 76, "1": 82, "2": 73, "3": 82, "4": 77, "5": 69, "6": 81, "7": 81, "8": 76, "9": 82, "10": 75, "11": 73, "12": 70, "13": 81, "14": 76}, "MP": {"0": 39.0, "1": 39.5, "2": 38.8, "3": 34.7, "4": 36.3, "5": 38.2, "6": 37.5, "7": 32.8, "8": 36.9, "9": 34.6, "10": 28.7, "11": 34.1, "12": 36.1, "13": 38.6, "14": 38.0}, "PTS": {"0": 29.7, "1": 30.1, "2": 27.0, "3": 18.3, "4": 26.6, "5": 28.2, "6": 25.0, "7": 16.5, "8": 18.7, "9": 23.1, "10": 16.5, "11": 19.5, "12": 24.0, "13": 20.6, "14": 21.3}, "TRB": {"0": 7.3, "1": 7.6, "2": 5.4, "3": 13.2, "4": 4.8, "5": 6.6, "6": 7.7, "7": 3.3, "8": 4.0, "9": 8.9, "10": 3.8, "11": 3.1, "12": 10.8, "13": 5.0, "14": 4.6}, "AST": {"0": 8.6, "1": 2.8, "2": 5.0, "3": 1.8, "4": 6.5, "5": 3.2, "6": 2.7, "7": 11.0, "8": 10.5, "9": 1.0, "10": 4.9, "11": 5.6, "12": 2.4, "13": 3.7, "14": 4.9}, "STL": {"0": 1.6, "1": 1.4, "2": 1.5, "3": 0.9, "4": 1.8, "5": 1.3, "6": 0.9, "7": 0.5, "8": 1.3, "9": 0.6, "10": 1.4, "11": 1.1, "12": 0.6, "13": 1.6, "14": 1.1}, "BLK": {"0": 1.0, "1": 1.0, "2": 0.3, "3": 2.8, "4": 1.1, "5": 0.4, "6": 1.0, "7": 0.1, "8": 0.2, "9": 1.0, "10": 0.3, "11": 0.1, "12": 1.0, "13": 0.5, "14": 0.1}, "FG%": {"0": 0.503, "1": 0.47600000000000003, "2": 0.456, "3": 0.612, "4": 0.47600000000000003, "5": 0.45799999999999996, "6": 0.48100000000000004, "7": 0.507, "8": 0.469, "9": 0.557, "10": 0.441, "11": 0.418, "12": 0.518, "13": 0.423, "14": 0.45799999999999996}, "3P%": {"0": 0.33299999999999996, "1": 0.365, "2": 0.32899999999999996, "3": 0.0, "4": 0.3, "5": 0.316, "6": 0.42100000000000004, "7": 0.426, "8": 0.371, "9": 0.16699999999999998, "10": 0.377, "11": 0.386, "12": 0.364, "13": 0.32799999999999996, "14": 0.369}, "FT%": {"0": 0.767, "1": 0.9, "2": 0.8109999999999999, "3": 0.5920000000000001, "4": 0.7609999999999999, "5": 0.83, "6": 0.915, "7": 0.938, "8": 0.8009999999999999, "9": 0.7709999999999999, "10": 0.87, "11": 0.91, "12": 0.797, "13": 0.779, "14": 0.818}, "WS": {"0": 18.5, "1": 16.1, "2": 9.4, "3": 13.2, "4": 13.0, "5": 7.9, "6": 12.3, "7": 9.9, "8": 10.3, "9": 10.7, "10": 9.7, "11": 9.5, "12": 9.6, "13": 5.0, "14": 8.4}, "WS/48": {"0": 0.299, "1": 0.23800000000000002, "2": 0.16, "3": 0.223, "4": 0.22399999999999998, "5": 0.145, "6": 0.19399999999999998, "7": 0.17800000000000002, "8": 0.177, "9": 0.18100000000000002, "10": 0.21600000000000003, "11": 0.182, "12": 0.182, "13": 0.077, "14": 0.14}}