{"Rank": {"0": "1", "1": "2", "2": "3", "3": "4", "4": "5", "5": "6", "6": "7T", "7": "7T", "8": "9T", "9": "9T", "10": "11"}, "Player": {"0": "Russell Westbrook", "1": "James Harden", "2": "Kawhi Leonard", "3": "LeBron James", "4": "Isaiah Thomas", "5": "Stephen Curry", "6": "Giannis Antetokounmpo", "7": "John Wall", "8": "Anthony Davis", "9": "Kevin Durant", "10": "DeMar DeRozan"}, "Age": {"0": 28, "1": 27, "2": 25, "3": 32, "4": 27, "5": 28, "6": 22, "7": 26, "8": 23, "9": 28, "10": 27}, "Tm": {"0": "OKC", "1": "HOU", "2": "SAS", "3": "CLE", "4": "BOS", "5": "GSW", "6": "MIL", "7": "WAS", "8": "NOP", "9": "GSW", "10": "TOR"}, "First": {"0": 69.0, "1": 22.0, "2": 9.0, "3": 1.0, "4": 0.0, "5": 0.0, "6": 0.0, "7": 0.0, "8": 0.0, "9": 0.0, "10": 0.0}, "Pts Won": {"0": 888.0, "1": 753.0, "2": 500.0, "3": 333.0, "4": 81.0, "5": 52.0, "6": 7.0, "7": 7.0, "8": 2.0, "9": 2.0, "10": 1.0}, "Pts Max": {"0": 1010, "1": 1010, "2": 1010, "3": 1010, "4": 1010, "5": 1010, "6": 1010, "7": 1010, "8": 1010, "9": 1010, "10": 1010}, "Share": {"0": 0.879, "1": 0.746, "2": 0.495, "3": 0.33, "4": 0.08, "5": 0.051, "6": 0.006999999999999999, "7": 0.006999999999999999, "8": 0.002, "9": 0.002, "10": 0.001}, "G": {"0": 81, "1": 81, "2": 74, "3": 74, "4": 76, "5": 79, "6": 80, "7": 78, "8": 75, "9": 62, "10": 74}, "MP": {"0": 34.6, "1": 36.4, "2": 33.4, "3": 37.8, "4": 33.8, "5": 33.4, "6": 35.6, "7": 36.4, "8": 36.1, "9": 33.4, "10": 35.4}, "PTS": {"0": 31.6, "1": 29.1, "2": 25.5, "3": 26.4, "4": 28.9, "5": 25.3, "6": 22.9, "7": 23.1, "8": 28.0, "9": 25.1, "10": 27.3}, "TRB": {"0": 10.7, "1": 8.1, "2": 5.8, "3": 8.6, "4": 2.7, "5": 4.5, "6": 8.8, "7": 4.2, "8": 11.8, "9": 8.3, "10": 5.2}, "AST": {"0": 10.4, "1": 11.2, "2": 3.5, "3": 8.7, "4": 5.9, "5": 6.6, "6": 5.4, "7": 10.7, "8": 2.1, "9": 4.8, "10": 3.9}, "STL": {"0": 1.6, "1": 1.5, "2": 1.8, "3": 1.2, "4": 0.9, "5": 1.8, "6": 1.6, "7": 2.0, "8": 1.3, "9": 1.1, "10": 1.1}, "BLK": {"0": 0.4, "1": 0.5, "2": 0.7, "3": 0.6, "4": 0.2, "5": 0.2, "6": 1.9, "7": 0.6, "8": 2.2, "9": 1.6, "10": 0.2}, "FG%": {"0": 0.425, "1": 0.44, "2": 0.485, "3": 0.5479999999999999, "4": 0.46299999999999997, "5": 0.46799999999999997, "6": 0.521, "7": 0.451, "8": 0.505, "9": 0.537, "10": 0.467}, "3P%": {"0": 0.34299999999999997, "1": 0.34700000000000003, "2": 0.38, "3": 0.363, "4": 0.379, "5": 0.41100000000000003, "6": 0.272, "7": 0.327, "8": 0.299, "9": 0.375, "10": 0.266}, "FT%": {"0": 0.845, "1": 0.847, "2": 0.88, "3": 0.674, "4": 0.909, "5": 0.898, "6": 0.77, "7": 0.8009999999999999, "8": 0.802, "9": 0.875, "10": 0.8420000000000001}, "WS": {"0": 13.1, "1": 15.0, "2": 13.6, "3": 12.9, "4": 12.5, "5": 12.6, "6": 12.4, "7": 8.8, "8": 11.0, "9": 12.0, "10": 9.0}, "WS/48": {"0": 0.22399999999999998, "1": 0.245, "2": 0.264, "3": 0.221, "4": 0.23399999999999999, "5": 0.22899999999999998, "6": 0.21, "7": 0.149, "8": 0.195, "9": 0.278, "10": 0.166}}