{"Rank": {"0": "1", "1": "2", "2": "3", "3": "4", "4": "5", "5": "6", "6": "7", "7": "8", "8": "9", "9": "10", "10": "11T", "11": "11T", "12": "11T"}, "Player": {"0": "Tim Duncan", "1": "Kevin Garnett", "2": "Kobe Bryant", "3": "Tracy McGrady", "4": "Shaquille O'Neal", "5": "Allen Iverson", "6": "Dirk Nowitzki", "7": "Ben Wallace", "8": "Jason Kidd", "9": "Chris Webber", "10": "Jamal Mashburn", "11": "Steve Nash", "12": "Paul Pierce"}, "Age": {"0": 26, "1": 26, "2": 24, "3": 23, "4": 30, "5": 27, "6": 24, "7": 28, "8": 29, "9": 29, "10": 30, "11": 28, "12": 25}, "Tm": {"0": "SAS", "1": "MIN", "2": "LAL", "3": "ORL", "4": "LAL", "5": "PHI", "6": "DAL", "7": "DET", "8": "NJN", "9": "SAC", "10": "NOH", "11": "DAL", "12": "BOS"}, "First": {"0": 60.0, "1": 43.0, "2": 8.0, "3": 4.0, "4": 3.0, "5": 0.0, "6": 0.0, "7": 1.0, "8": 0.0, "9": 0.0, "10": 0.0, "11": 0.0, "12": 0.0}, "Pts Won": {"0": 962.0, "1": 871.0, "2": 496.0, "3": 427.0, "4": 126.0, "5": 83.0, "6": 43.0, "7": 33.0, "8": 31.0, "9": 19.0, "10": 1.0, "11": 1.0, "12": 1.0}, "Pts Max": {"0": 1190, "1": 1190, "2": 1190, "3": 1190, "4": 1190, "5": 1190, "6": 1190, "7": 1190, "8": 1190, "9": 1190, "10": 1190, "11": 1190, "12": 1190}, "Share": {"0": 0.8079999999999999, "1": 0.732, "2": 0.41700000000000004, "3": 0.359, "4": 0.106, "5": 0.07, "6": 0.036000000000000004, "7": 0.027999999999999997, "8": 0.026000000000000002, "9": 0.016, "10": 0.001, "11": 0.001, "12": 0.001}, "G": {"0": 81, "1": 82, "2": 82, "3": 75, "4": 67, "5": 82, "6": 80, "7": 73, "8": 80, "9": 67, "10": 82, "11": 82, "12": 79}, "MP": {"0": 39.3, "1": 40.5, "2": 41.5, "3": 39.4, "4": 37.8, "5": 42.5, "6": 39.0, "7": 39.4, "8": 37.4, "9": 39.1, "10": 40.5, "11": 33.1, "12": 39.2}, "PTS": {"0": 23.3, "1": 23.0, "2": 30.0, "3": 32.1, "4": 27.5, "5": 27.6, "6": 25.1, "7": 6.9, "8": 18.7, "9": 23.0, "10": 21.6, "11": 17.7, "12": 25.9}, "TRB": {"0": 12.9, "1": 13.4, "2": 6.9, "3": 6.5, "4": 11.1, "5": 4.2, "6": 9.9, "7": 15.4, "8": 6.3, "9": 10.5, "10": 6.1, "11": 2.9, "12": 7.3}, "AST": {"0": 3.9, "1": 6.0, "2": 5.9, "3": 5.5, "4": 3.1, "5": 5.5, "6": 3.0, "7": 1.6, "8": 8.9, "9": 5.4, "10": 5.6, "11": 7.3, "12": 4.4}, "STL": {"0": 0.7, "1": 1.4, "2": 2.2, "3": 1.7, "4": 0.6, "5": 2.7, "6": 1.4, "7": 1.4, "8": 2.2, "9": 1.6, "10": 1.0, "11": 1.0, "12": 1.8}, "BLK": {"0": 2.9, "1": 1.6, "2": 0.8, "3": 0.8, "4": 2.4, "5": 0.2, "6": 1.0, "7": 3.2, "8": 0.3, "9": 1.3, "10": 0.2, "11": 0.1, "12": 0.8}, "FG%": {"0": 0.513, "1": 0.502, "2": 0.451, "3": 0.457, "4": 0.574, "5": 0.414, "6": 0.46299999999999997, "7": 0.48100000000000004, "8": 0.414, "9": 0.461, "10": 0.42200000000000004, "11": 0.465, "12": 0.41600000000000004}, "3P%": {"0": 0.273, "1": 0.282, "2": 0.38299999999999995, "3": 0.386, "4": NaN, "5": 0.27699999999999997, "6": 0.379, "7": 0.16699999999999998, "8": 0.341, "9": 0.23800000000000002, "10": 0.389, "11": 0.413, "12": 0.302}, "FT%": {"0": 0.71, "1": 0.7509999999999999, "2": 0.843, "3": 0.7929999999999999, "4": 0.622, "5": 0.774, "6": 0.8809999999999999, "7": 0.45, "8": 0.841, "9": 0.607, "10": 0.848, "11": 0.909, "12": 0.802}, "WS": {"0": 16.5, "1": 15.6, "2": 14.9, "3": 16.1, "4": 13.2, "5": 9.2, "6": 16.1, "7": 10.6, "8": 11.3, "9": 6.9, "10": 9.0, "11": 11.6, "12": 10.1}, "WS/48": {"0": 0.248, "1": 0.225, "2": 0.21, "3": 0.262, "4": 0.25, "5": 0.127, "6": 0.249, "7": 0.17600000000000002, "8": 0.182, "9": 0.127, "10": 0.13, "11": 0.20600000000000002, "12": 0.157}}