{"Rank": {"0": "1", "1": "2", "2": "3", "3": "4", "4": "5", "5": "6", "6": "7", "7": "8", "8": "9", "9": "10", "10": "11", "11": "12T", "12": "12T", "13": "12T", "14": "12T", "15": "12T"}, "Player": {"0": "LeBron James", "1": "Kevin Durant", "2": "Carmelo Anthony", "3": "Chris Paul", "4": "Kobe Bryant", "5": "Tony Parker", "6": "Tim Duncan", "7": "James Harden", "8": "Russell Westbrook", "9": "Dwyane Wade", "10": "Stephen Curry", "11": "Kevin Garnett", "12": "Marc Gasol", "13": "Ty Lawson", "14": "David Lee", "15": "Joakim Noah"}, "Age": {"0": 28, "1": 24, "2": 28, "3": 27, "4": 34, "5": 30, "6": 36, "7": 23, "8": 24, "9": 31, "10": 24, "11": 36, "12": 28, "13": 25, "14": 29, "15": 27}, "Tm": {"0": "MIA", "1": "OKC", "2": "NYK", "3": "LAC", "4": "LAL", "5": "SAS", "6": "SAS", "7": "HOU", "8": "OKC", "9": "MIA", "10": "GSW", "11": "BOS", "12": "MEM", "13": "DEN", "14": "GSW", "15": "CHI"}, "First": {"0": 120.0, "1": 0.0, "2": 1.0, "3": 0.0, "4": 0.0, "5": 0.0, "6": 0.0, "7": 0.0, "8": 0.0, "9": 0.0, "10": 0.0, "11": 0.0, "12": 0.0, "13": 0.0, "14": 0.0, "15": 0.0}, "Pts Won": {"0": 1207.0, "1": 765.0, "2": 475.0, "3": 289.0, "4": 184.0, "5": 86.0, "6": 65.0, "7": 33.0, "8": 9.0, "9": 5.0, "10": 3.0, "11": 1.0, "12": 1.0, "13": 1.0, "14": 1.0, "15": 1.0}, "Pts Max": {"0": 1210, "1": 1210, "2": 1210, "3": 1210, "4": 1210, "5": 1210, "6": 1210, "7": 1210, "8": 1210, "9": 1210, "10": 1210, "11": 1210, "12": 1210, "13": 1210, "14": 1210, "15": 1210}, "Share": {"0": 0.998, "1": 0.632, "2": 0.39299999999999996, "3": 0.239, "4": 0.152, "5": 0.071, "6": 0.054000000000000006, "7": 0.027000000000000003, "8": 0.006999999999999999, "9": 0.004, "10": 0.002, "11": 0.001, "12": 0.001, "13": 0.001, "14": 0.001, "15": 0.001}, "G": {"0": 76, "1": 81, "2": 67, "3": 70, "4": 78, "5": 66, "6": 69, "7": 78, "8": 82, "9": 69, "10": 78, "11": 68, "12": 80, "13": 73, "14": 79, "15": 66}, "MP": {"0": 37.9, "1": 38.5, "2": 37.0, "3": 33.4, "4": 38.6, "5": 32.9, "6": 30.1, "7": 38.3, "8": 34.9, "9": 34.7, "10": 38.2, "11": 29.7, "12": 35.0, "13": 34.4, "14": 36.8, "15": 36.8}, "PTS": {"0": 26.8, "1": 28.1, "2": 28.7, "3": 16.9, "4": 27.3, "5": 20.3, "6": 17.8, "7": 25.9, "8": 23.2, "9": 21.2, "10": 22.9, "11": 14.8, "12": 14.1, "13": 16.7, "14": 18.5, "15": 11.9}, "TRB": {"0": 8.0, "1": 7.9, "2": 6.9, "3": 3.7, "4": 5.6, "5": 3.0, "6": 9.9, "7": 4.9, "8": 5.2, "9": 5.0, "10": 4.0, "11": 7.8, "12": 7.8, "13": 2.7, "14": 11.2, "15": 11.1}, "AST": {"0": 7.3, "1": 4.6, "2": 2.6, "3": 9.7, "4": 6.0, "5": 7.6, "6": 2.7, "7": 5.8, "8": 7.4, "9": 5.1, "10": 6.9, "11": 2.3, "12": 4.0, "13": 6.9, "14": 3.5, "15": 4.0}, "STL": {"0": 1.7, "1": 1.4, "2": 0.8, "3": 2.4, "4": 1.4, "5": 0.8, "6": 0.7, "7": 1.8, "8": 1.8, "9": 1.9, "10": 1.6, "11": 1.1, "12": 1.0, "13": 1.5, "14": 0.8, "15": 1.2}, "BLK": {"0": 0.9, "1": 1.3, "2": 0.5, "3": 0.1, "4": 0.3, "5": 0.1, "6": 2.7, "7": 0.5, "8": 0.3, "9": 0.8, "10": 0.2, "11": 0.9, "12": 1.7, "13": 0.1, "14": 0.3, "15": 2.1}, "FG%": {"0": 0.565, "1": 0.51, "2": 0.449, "3": 0.48100000000000004, "4": 0.46299999999999997, "5": 0.522, "6": 0.502, "7": 0.43799999999999994, "8": 0.43799999999999994, "9": 0.521, "10": 0.451, "11": 0.496, "12": 0.494, "13": 0.461, "14": 0.519, "15": 0.48100000000000004}, "3P%": {"0": 0.406, "1": 0.41600000000000004, "2": 0.379, "3": 0.32799999999999996, "4": 0.324, "5": 0.353, "6": 0.28600000000000003, "7": 0.368, "8": 0.32299999999999995, "9": 0.258, "10": 0.45299999999999996, "11": 0.125, "12": 0.071, "13": 0.366, "14": 0.0, "15": 0.0}, "FT%": {"0": 0.753, "1": 0.905, "2": 0.83, "3": 0.885, "4": 0.8390000000000001, "5": 0.845, "6": 0.8170000000000001, "7": 0.851, "8": 0.8, "9": 0.725, "10": 0.9, "11": 0.7859999999999999, "12": 0.848, "13": 0.7559999999999999, "14": 0.797, "15": 0.7509999999999999}, "WS": {"0": 19.3, "1": 18.9, "2": 9.5, "3": 13.9, "4": 10.9, "5": 9.3, "6": 8.3, "7": 12.8, "8": 11.6, "9": 9.6, "10": 11.2, "11": 5.6, "12": 11.5, "13": 7.4, "14": 9.1, "15": 7.3}, "WS/48": {"0": 0.322, "1": 0.29100000000000004, "2": 0.184, "3": 0.287, "4": 0.174, "5": 0.20600000000000002, "6": 0.191, "7": 0.20600000000000002, "8": 0.195, "9": 0.192, "10": 0.18, "11": 0.133, "12": 0.19699999999999998, "13": 0.141, "14": 0.15, "15": 0.145}}