{"Rank": {"0": "1", "1": "2", "2": "3", "3": "4", "4": "5", "5": "6", "6": "7", "7": "8", "8": "9", "9": "10", "10": "11T", "11": "11T"}, "Player": {"0": "Giannis Antetokounmpo", "1": "James Harden", "2": "Paul George", "3": "Nikola Joki\u0107", "4": "Stephen Curry", "5": "Damian Lillard", "6": "Joel Embiid", "7": "Kevin Durant", "8": "Kawhi Leonard", "9": "Russell Westbrook", "10": "Rudy Gobert", "11": "LeBron James"}, "Age": {"0": 24, "1": 29, "2": 28, "3": 23, "4": 30, "5": 28, "6": 24, "7": 30, "8": 27, "9": 30, "10": 26, "11": 34}, "Tm": {"0": "MIL", "1": "HOU", "2": "OKC", "3": "DEN", "4": "GSW", "5": "POR", "6": "PHI", "7": "GSW", "8": "TOR", "9": "OKC", "10": "UTA", "11": "LAL"}, "First": {"0": 78.0, "1": 23.0, "2": 0.0, "3": 0.0, "4": 0.0, "5": 0.0, "6": 0.0, "7": 0.0, "8": 0.0, "9": 0.0, "10": 0.0, "11": 0.0}, "Pts Won": {"0": 941.0, "1": 776.0, "2": 356.0, "3": 212.0, "4": 175.0, "5": 69.0, "6": 49.0, "7": 25.0, "8": 13.0, "9": 8.0, "10": 1.0, "11": 1.0}, "Pts Max": {"0": 1010, "1": 1010, "2": 1010, "3": 1010, "4": 1010, "5": 1010, "6": 1010, "7": 1010, "8": 1010, "9": 1010, "10": 1010, "11": 1010}, "Share": {"0": 0.932, "1": 0.768, "2": 0.35200000000000004, "3": 0.21, "4": 0.17300000000000001, "5": 0.068, "6": 0.049, "7": 0.025, "8": 0.013000000000000001, "9": 0.008, "10": 0.001, "11": 0.001}, "G": {"0": 72, "1": 78, "2": 77, "3": 80, "4": 69, "5": 80, "6": 64, "7": 78, "8": 60, "9": 73, "10": 81, "11": 55}, "MP": {"0": 32.8, "1": 36.8, "2": 36.9, "3": 31.3, "4": 33.8, "5": 35.5, "6": 33.7, "7": 34.6, "8": 34.0, "9": 36.0, "10": 31.8, "11": 35.2}, "PTS": {"0": 27.7, "1": 36.1, "2": 28.0, "3": 20.1, "4": 27.3, "5": 25.8, "6": 27.5, "7": 26.0, "8": 26.6, "9": 22.9, "10": 15.9, "11": 27.4}, "TRB": {"0": 12.5, "1": 6.6, "2": 8.2, "3": 10.8, "4": 5.3, "5": 4.6, "6": 13.6, "7": 6.4, "8": 7.3, "9": 11.1, "10": 12.9, "11": 8.5}, "AST": {"0": 5.9, "1": 7.5, "2": 4.1, "3": 7.3, "4": 5.2, "5": 6.9, "6": 3.7, "7": 5.9, "8": 3.3, "9": 10.7, "10": 2.0, "11": 8.3}, "STL": {"0": 1.3, "1": 2.0, "2": 2.2, "3": 1.4, "4": 1.3, "5": 1.1, "6": 0.7, "7": 0.7, "8": 1.8, "9": 1.9, "10": 0.8, "11": 1.3}, "BLK": {"0": 1.5, "1": 0.7, "2": 0.4, "3": 0.7, "4": 0.4, "5": 0.4, "6": 1.9, "7": 1.1, "8": 0.4, "9": 0.5, "10": 2.3, "11": 0.6}, "FG%": {"0": 0.578, "1": 0.442, "2": 0.43799999999999994, "3": 0.511, "4": 0.47200000000000003, "5": 0.444, "6": 0.484, "7": 0.521, "8": 0.496, "9": 0.428, "10": 0.669, "11": 0.51}, "3P%": {"0": 0.256, "1": 0.368, "2": 0.386, "3": 0.307, "4": 0.43700000000000006, "5": 0.369, "6": 0.3, "7": 0.353, "8": 0.371, "9": 0.29, "10": NaN, "11": 0.33899999999999997}, "FT%": {"0": 0.7290000000000001, "1": 0.879, "2": 0.8390000000000001, "3": 0.821, "4": 0.9159999999999999, "5": 0.912, "6": 0.804, "7": 0.885, "8": 0.8540000000000001, "9": 0.6559999999999999, "10": 0.636, "11": 0.665}, "WS": {"0": 14.4, "1": 15.2, "2": 11.9, "3": 11.8, "4": 9.7, "5": 12.1, "6": 8.7, "7": 11.5, "8": 9.5, "9": 6.8, "10": 14.4, "11": 7.2}, "WS/48": {"0": 0.292, "1": 0.254, "2": 0.201, "3": 0.226, "4": 0.19899999999999998, "5": 0.205, "6": 0.19399999999999998, "7": 0.204, "8": 0.22399999999999998, "9": 0.124, "10": 0.268, "11": 0.179}}