{"Rank": {"0": "1", "1": "2", "2": "3", "3": "4", "4": "5", "5": "6", "6": "7", "7": "8", "8": "9", "9": "10", "10": "11T", "11": "11T", "12": "13T", "13": "13T", "14": "13T", "15": "13T", "16": "17T", "17": "17T", "18": "17T"}, "Player": {"0": "Magic Johnson", "1": "Michael Jordan", "2": "Karl Malone", "3": "Patrick Ewing", "4": "Hakeem Olajuwon", "5": "Charles Barkley", "6": "John Stockton", "7": "Kevin Johnson", "8": "Tom Chambers", "9": "Mark Price", "10": "Brad Daugherty", "11": "Robert Parish", "12": "Mark Eaton", "13": "Moses Malone", "14": "Chris Mullin", "15": "Larry Nance", "16": "Terry Cummings", "17": "Joe Dumars", "18": "Isiah Thomas"}, "Age": {"0": 29, "1": 25, "2": 25, "3": 26, "4": 26, "5": 25, "6": 26, "7": 22, "8": 29, "9": 24, "10": 23, "11": 35, "12": 32, "13": 33, "14": 25, "15": 29, "16": 27, "17": 25, "18": 27}, "Tm": {"0": "LAL", "1": "CHI", "2": "UTA", "3": "NYK", "4": "HOU", "5": "PHI", "6": "UTA", "7": "PHO", "8": "PHO", "9": "CLE", "10": "CLE", "11": "BOS", "12": "UTA", "13": "ATL", "14": "GSW", "15": "CLE", "16": "MIL", "17": "DET", "18": "DET"}, "First": {"0": 42.5, "1": 27.5, "2": 5.0, "3": 8.0, "4": 2.0, "5": 0.0, "6": 0.0, "7": 0.0, "8": 0.0, "9": 0.0, "10": 0.0, "11": 0.0, "12": 0.0, "13": 0.0, "14": 0.0, "15": 0.0, "16": 0.0, "17": 0.0, "18": 0.0}, "Pts Won": {"0": 664.5, "1": 598.8, "2": 362.0, "3": 200.0, "4": 179.3, "5": 94.3, "6": 28.0, "7": 22.0, "8": 20.0, "9": 18.0, "10": 4.0, "11": 4.0, "12": 3.0, "13": 3.0, "14": 3.0, "15": 3.0, "16": 1.0, "17": 1.0, "18": 1.0}, "Pts Max": {"0": 850, "1": 850, "2": 850, "3": 850, "4": 850, "5": 850, "6": 850, "7": 850, "8": 850, "9": 850, "10": 850, "11": 850, "12": 850, "13": 850, "14": 850, "15": 850, "16": 850, "17": 850, "18": 850}, "Share": {"0": 0.782, "1": 0.7040000000000001, "2": 0.426, "3": 0.235, "4": 0.21100000000000002, "5": 0.111, "6": 0.033, "7": 0.026000000000000002, "8": 0.024, "9": 0.021, "10": 0.005, "11": 0.005, "12": 0.004, "13": 0.004, "14": 0.004, "15": 0.004, "16": 0.001, "17": 0.001, "18": 0.001}, "G": {"0": 77, "1": 81, "2": 80, "3": 80, "4": 82, "5": 79, "6": 82, "7": 81, "8": 81, "9": 75, "10": 78, "11": 80, "12": 82, "13": 81, "14": 82, "15": 73, "16": 80, "17": 69, "18": 80}, "MP": {"0": 37.5, "1": 40.2, "2": 39.1, "3": 36.2, "4": 36.9, "5": 39.1, "6": 38.7, "7": 39.2, "8": 37.1, "9": 36.4, "10": 36.2, "11": 35.5, "12": 35.5, "13": 35.5, "14": 37.7, "15": 34.6, "16": 35.3, "17": 34.9, "18": 36.6}, "PTS": {"0": 22.5, "1": 32.5, "2": 29.1, "3": 22.7, "4": 24.8, "5": 25.8, "6": 17.1, "7": 20.4, "8": 25.7, "9": 18.9, "10": 18.9, "11": 18.6, "12": 6.2, "13": 20.2, "14": 26.5, "15": 17.2, "16": 22.9, "17": 17.2, "18": 18.2}, "TRB": {"0": 7.9, "1": 8.0, "2": 10.7, "3": 9.3, "4": 13.5, "5": 12.5, "6": 3.0, "7": 4.2, "8": 8.4, "9": 3.0, "10": 9.2, "11": 12.5, "12": 10.3, "13": 11.8, "14": 5.9, "15": 8.0, "16": 8.1, "17": 2.5, "18": 3.4}, "AST": {"0": 12.8, "1": 8.0, "2": 2.7, "3": 2.4, "4": 1.8, "5": 4.1, "6": 13.6, "7": 12.2, "8": 2.9, "9": 8.4, "10": 3.7, "11": 2.2, "12": 1.0, "13": 1.4, "14": 5.1, "15": 2.2, "16": 2.5, "17": 5.7, "18": 8.3}, "STL": {"0": 1.8, "1": 2.9, "2": 1.8, "3": 1.5, "4": 2.6, "5": 1.6, "6": 3.2, "7": 1.7, "8": 1.1, "9": 1.5, "10": 0.8, "11": 1.0, "12": 0.5, "13": 1.0, "14": 2.1, "15": 0.8, "16": 1.3, "17": 0.9, "18": 1.7}, "BLK": {"0": 0.3, "1": 0.8, "2": 0.9, "3": 3.5, "4": 3.4, "5": 0.8, "6": 0.2, "7": 0.3, "8": 0.7, "9": 0.1, "10": 0.5, "11": 1.5, "12": 3.8, "13": 1.2, "14": 0.5, "15": 2.8, "16": 0.9, "17": 0.1, "18": 0.3}, "FG%": {"0": 0.509, "1": 0.5379999999999999, "2": 0.519, "3": 0.5670000000000001, "4": 0.508, "5": 0.579, "6": 0.5379999999999999, "7": 0.505, "8": 0.47100000000000003, "9": 0.526, "10": 0.5379999999999999, "11": 0.57, "12": 0.462, "13": 0.491, "14": 0.509, "15": 0.539, "16": 0.467, "17": 0.505, "18": 0.46399999999999997}, "3P%": {"0": 0.314, "1": 0.276, "2": 0.313, "3": 0.0, "4": 0.0, "5": 0.21600000000000003, "6": 0.242, "7": 0.091, "8": 0.326, "9": 0.441, "10": 0.33299999999999996, "11": NaN, "12": NaN, "13": 0.0, "14": 0.23, "15": 0.0, "16": 0.467, "17": 0.483, "18": 0.273}, "FT%": {"0": 0.9109999999999999, "1": 0.85, "2": 0.7659999999999999, "3": 0.746, "4": 0.696, "5": 0.753, "6": 0.863, "7": 0.882, "8": 0.851, "9": 0.9009999999999999, "10": 0.737, "11": 0.7190000000000001, "12": 0.66, "13": 0.789, "14": 0.892, "15": 0.799, "16": 0.787, "17": 0.85, "18": 0.818}, "WS": {"0": 16.1, "1": 19.8, "2": 15.2, "3": 10.9, "4": 12.4, "5": 16.1, "6": 15.6, "7": 12.2, "8": 9.2, "9": 11.3, "10": 9.6, "11": 10.5, "12": 6.6, "13": 10.7, "14": 10.6, "15": 10.3, "16": 7.7, "17": 7.0, "18": 7.0}, "WS/48": {"0": 0.267, "1": 0.292, "2": 0.233, "3": 0.18100000000000002, "4": 0.19699999999999998, "5": 0.25, "6": 0.23600000000000002, "7": 0.184, "8": 0.146, "9": 0.19899999999999998, "10": 0.16399999999999998, "11": 0.177, "12": 0.10800000000000001, "13": 0.17800000000000002, "14": 0.165, "15": 0.19699999999999998, "16": 0.131, "17": 0.14, "18": 0.115}}