{"Rank": {"0": "1", "1": "2", "2": "3", "3": "4", "4": "5", "5": "6", "6": "7", "7": "8", "8": "9", "9": "10", "10": "11", "11": "12", "12": "13T", "13": "13T", "14": "13T", "15": "16T", "16": "16T", "17": "18"}, "Player": {"0": "Larry Bird", "1": "Dominique Wilkins", "2": "Magic Johnson", "3": "Hakeem Olajuwon", "4": "Kareem Abdul-Jabbar", "5": "Charles Barkley", "6": "Sidney Moncrief", "7": "Alex English", "8": "Isiah Thomas", "9": "Moses Malone", "10": "Terry Cummings", "11": "James Worthy", "12": "Kevin McHale", "13": "Paul Pressey", "14": "Alvin Robertson", "15": "Adrian Dantley", "16": "Buck Williams", "17": "Dennis Johnson"}, "Age": {"0": 29, "1": 26, "2": 26, "3": 23, "4": 38, "5": 22, "6": 28, "7": 32, "8": 24, "9": 30, "10": 24, "11": 24, "12": 28, "13": 27, "14": 23, "15": 29, "16": 25, "17": 31}, "Tm": {"0": "BOS", "1": "ATL", "2": "LAL", "3": "HOU", "4": "LAL", "5": "PHI", "6": "MIL", "7": "DEN", "8": "DET", "9": "PHI", "10": "MIL", "11": "LAL", "12": "BOS", "13": "MIL", "14": "SAS", "15": "UTA", "16": "NJN", "17": "BOS"}, "First": {"0": 73.0, "1": 5.0, "2": 0.0, "3": 0.0, "4": 0.0, "5": 0.0, "6": 0.0, "7": 0.0, "8": 0.0, "9": 0.0, "10": 0.0, "11": 0.0, "12": 0.0, "13": 0.0, "14": 0.0, "15": 0.0, "16": 0.0, "17": 0.0}, "Pts Won": {"0": 765.0, "1": 407.0, "2": 205.0, "3": 193.0, "4": 135.0, "5": 133.0, "6": 56.0, "7": 55.0, "8": 28.0, "9": 21.0, "10": 9.0, "11": 7.0, "12": 3.0, "13": 3.0, "14": 3.0, "15": 2.0, "16": 2.0, "17": 1.0}, "Pts Max": {"0": 780, "1": 780, "2": 780, "3": 780, "4": 780, "5": 780, "6": 780, "7": 780, "8": 780, "9": 780, "10": 780, "11": 780, "12": 780, "13": 780, "14": 780, "15": 780, "16": 780, "17": 780}, "Share": {"0": 0.981, "1": 0.522, "2": 0.263, "3": 0.247, "4": 0.17300000000000001, "5": 0.171, "6": 0.07200000000000001, "7": 0.071, "8": 0.036000000000000004, "9": 0.027000000000000003, "10": 0.012, "11": 0.009000000000000001, "12": 0.004, "13": 0.004, "14": 0.004, "15": 0.003, "16": 0.003, "17": 0.001}, "G": {"0": 82, "1": 78, "2": 72, "3": 68, "4": 79, "5": 80, "6": 73, "7": 81, "8": 77, "9": 74, "10": 82, "11": 75, "12": 68, "13": 80, "14": 82, "15": 76, "16": 82, "17": 78}, "MP": {"0": 38.0, "1": 39.1, "2": 35.8, "3": 36.3, "4": 33.3, "5": 36.9, "6": 35.2, "7": 37.3, "8": 36.2, "9": 36.6, "10": 32.5, "11": 32.7, "12": 35.3, "13": 33.8, "14": 35.1, "15": 36.1, "16": 37.4, "17": 35.0}, "PTS": {"0": 25.8, "1": 30.3, "2": 18.8, "3": 23.5, "4": 23.4, "5": 20.0, "6": 20.2, "7": 29.8, "8": 20.9, "9": 23.8, "10": 19.8, "11": 20.0, "12": 21.3, "13": 14.3, "14": 17.0, "15": 29.8, "16": 15.9, "17": 15.6}, "TRB": {"0": 9.8, "1": 7.9, "2": 5.9, "3": 11.5, "4": 6.1, "5": 12.8, "6": 4.6, "7": 5.0, "8": 3.6, "9": 11.8, "10": 8.5, "11": 5.2, "12": 8.1, "13": 5.0, "14": 6.3, "15": 5.2, "16": 12.0, "17": 3.4}, "AST": {"0": 6.8, "1": 2.6, "2": 12.6, "3": 2.0, "4": 3.5, "5": 3.9, "6": 4.9, "7": 4.0, "8": 10.8, "9": 1.2, "10": 2.4, "11": 2.7, "12": 2.7, "13": 7.8, "14": 5.5, "15": 3.5, "16": 1.6, "17": 5.8}, "STL": {"0": 2.0, "1": 1.8, "2": 1.6, "3": 2.0, "4": 0.8, "5": 2.2, "6": 1.4, "7": 0.9, "8": 2.2, "9": 0.9, "10": 1.5, "11": 1.1, "12": 0.4, "13": 2.1, "14": 3.7, "15": 0.8, "16": 0.9, "17": 1.4}, "BLK": {"0": 0.6, "1": 0.6, "2": 0.2, "3": 3.4, "4": 1.6, "5": 1.6, "6": 0.2, "7": 0.4, "8": 0.3, "9": 1.0, "10": 0.6, "11": 1.0, "12": 2.0, "13": 0.9, "14": 0.5, "15": 0.1, "16": 1.2, "17": 0.4}, "FG%": {"0": 0.496, "1": 0.46799999999999997, "2": 0.526, "3": 0.526, "4": 0.564, "5": 0.5720000000000001, "6": 0.489, "7": 0.504, "8": 0.488, "9": 0.45799999999999996, "10": 0.474, "11": 0.579, "12": 0.574, "13": 0.488, "14": 0.514, "15": 0.563, "16": 0.523, "17": 0.455}, "3P%": {"0": 0.423, "1": 0.18600000000000003, "2": 0.233, "3": NaN, "4": 0.0, "5": 0.22699999999999998, "6": 0.32, "7": 0.2, "8": 0.31, "9": 0.0, "10": 0.0, "11": 0.0, "12": NaN, "13": 0.182, "14": 0.276, "15": 0.091, "16": 0.0, "17": 0.14300000000000002}, "FT%": {"0": 0.8959999999999999, "1": 0.818, "2": 0.871, "3": 0.645, "4": 0.765, "5": 0.685, "6": 0.8590000000000001, "7": 0.862, "8": 0.79, "9": 0.787, "10": 0.6559999999999999, "11": 0.7709999999999999, "12": 0.7759999999999999, "13": 0.8059999999999999, "14": 0.795, "15": 0.7909999999999999, "16": 0.6759999999999999, "17": 0.818}, "WS": {"0": 15.8, "1": 10.8, "2": 12.1, "3": 9.5, "4": 10.8, "5": 10.8, "6": 11.7, "7": 9.8, "8": 8.8, "9": 8.9, "10": 7.4, "11": 9.5, "12": 11.0, "13": 9.8, "14": 8.6, "15": 12.8, "16": 6.8, "17": 6.7}, "WS/48": {"0": 0.244, "1": 0.17, "2": 0.226, "3": 0.18600000000000003, "4": 0.19699999999999998, "5": 0.17600000000000002, "6": 0.21899999999999997, "7": 0.156, "8": 0.151, "9": 0.157, "10": 0.133, "11": 0.185, "12": 0.22, "13": 0.174, "14": 0.14300000000000002, "15": 0.223, "16": 0.106, "17": 0.11800000000000001}}