{"Rank": {"0": "1", "1": "2", "2": "3", "3": "4", "4": "5", "5": "6", "6": "7", "7": "8T", "8": "8T", "9": "8T", "10": "8T", "11": "8T"}, "Player": {"0": "Bob Cousy", "1": "Bob Pettit", "2": "Paul Arizin", "3": "Dolph Schayes", "4": "George Yardley", "5": "Maurice Stokes", "6": "Bill Russell", "7": "Ray Felix", "8": "Harry Gallatin", "9": "Mel Hutchins", "10": "Kenny Sears", "11": "Jack Twyman"}, "Age": {"0": 28, "1": 24, "2": 28, "3": 28, "4": 28, "5": 23, "6": 22, "7": 26, "8": 29, "9": 28, "10": 23, "11": 22}, "Tm": {"0": "BOS", "1": "STL", "2": "PHW", "3": "SYR", "4": "FTW", "5": "ROC", "6": "BOS", "7": "NYK", "8": "NYK", "9": "FTW", "10": "NYK", "11": "ROC"}, "First": {"0": 23.0, "1": 21.0, "2": 9.0, "3": 8.0, "4": 7.0, "5": 5.0, "6": 2.0, "7": 1.0, "8": 1.0, "9": 1.0, "10": 1.0, "11": 1.0}, "Pts Won": {"0": 23.0, "1": 21.0, "2": 9.0, "3": 8.0, "4": 7.0, "5": 5.0, "6": 2.0, "7": 1.0, "8": 1.0, "9": 1.0, "10": 1.0, "11": 1.0}, "Pts Max": {"0": 80, "1": 80, "2": 80, "3": 80, "4": 80, "5": 80, "6": 80, "7": 80, "8": 80, "9": 80, "10": 80, "11": 80}, "Share": {"0": 0.28800000000000003, "1": 0.263, "2": 0.113, "3": 0.1, "4": 0.08800000000000001, "5": 0.063, "6": 0.025, "7": 0.013000000000000001, "8": 0.013000000000000001, "9": 0.013000000000000001, "10": 0.013000000000000001, "11": 0.013000000000000001}, "G": {"0": 64, "1": 71, "2": 71, "3": 72, "4": 72, "5": 72, "6": 48, "7": 72, "8": 72, "9": 72, "10": 72, "11": 72}, "MP": {"0": 36.9, "1": 35.1, "2": 39.0, "3": 39.6, "4": 37.4, "5": 38.3, "6": 35.3, "7": 22.5, "8": 27.0, "9": 36.8, "10": 34.9, "11": 32.5}, "PTS": {"0": 20.6, "1": 24.7, "2": 25.6, "3": 22.5, "4": 21.5, "5": 15.6, "6": 14.7, "7": 12.0, "8": 15.0, "9": 12.4, "10": 14.8, "11": 16.3}, "TRB": {"0": 4.8, "1": 14.6, "2": 7.9, "3": 14.0, "4": 10.5, "5": 17.4, "6": 19.6, "7": 8.2, "8": 10.1, "9": 7.9, "10": 8.5, "11": 4.9}, "AST": {"0": 7.5, "1": 1.9, "2": 2.1, "3": 3.2, "4": 2.0, "5": 4.6, "6": 1.8, "7": 0.5, "8": 1.2, "9": 2.9, "10": 1.4, "11": 1.7}, "STL": {"0": NaN, "1": NaN, "2": NaN, "3": NaN, "4": NaN, "5": NaN, "6": NaN, "7": NaN, "8": NaN, "9": NaN, "10": NaN, "11": NaN}, "BLK": {"0": NaN, "1": NaN, "2": NaN, "3": NaN, "4": NaN, "5": NaN, "6": NaN, "7": NaN, "8": NaN, "9": NaN, "10": NaN, "11": NaN}, "FG%": {"0": 0.37799999999999995, "1": 0.415, "2": 0.42200000000000004, "3": 0.379, "4": 0.41, "5": 0.34700000000000003, "6": 0.42700000000000005, "7": 0.41600000000000004, "8": 0.406, "9": 0.387, "10": 0.418, "11": 0.439}, "3P%": {"0": NaN, "1": NaN, "2": NaN, "3": NaN, "4": NaN, "5": NaN, "6": NaN, "7": NaN, "8": NaN, "9": NaN, "10": NaN, "11": NaN}, "FT%": {"0": 0.821, "1": 0.773, "2": 0.8290000000000001, "3": 0.904, "4": 0.787, "5": 0.665, "6": 0.49200000000000005, "7": 0.747, "8": 0.8, "9": 0.738, "10": 0.79, "11": 0.76}, "WS": {"0": 8.8, "1": 11.6, "2": 12.3, "3": 12.5, "4": 10.0, "5": 5.5, "6": 6.2, "7": 5.5, "8": 8.1, "9": 2.8, "10": 8.0, "11": 8.8}, "WS/48": {"0": 0.17800000000000002, "1": 0.22399999999999998, "2": 0.213, "3": 0.21100000000000002, "4": 0.179, "5": 0.096, "6": 0.17600000000000002, "7": 0.162, "8": 0.19899999999999998, "9": 0.05, "10": 0.153, "11": 0.18}}