{"Rank": {"0": "1", "1": "2", "2": "3", "3": "4", "4": "5T", "5": "5T"}, "Player": {"0": "Wilt Chamberlain", "1": "Jerry West", "2": "Oscar Robertson", "3": "Bill Russell", "4": "Sam Jones", "5": "Jerry Lucas"}, "Age": {"0": 29, "1": 27, "2": 27, "3": 31, "4": 32, "5": 25}, "Tm": {"0": "PHI", "1": "LAL", "2": "CIN", "3": "BOS", "4": "BOS", "5": "CIN"}, "First": {"0": 48.0, "1": 16.0, "2": 14.0, "3": 7.0, "4": 2.0, "5": 2.0}, "Pts Won": {"0": 181.0, "1": 101.0, "2": 93.0, "3": 69.0, "4": 11.0, "5": 11.0}, "Pts Max": {"0": 445, "1": 445, "2": 445, "3": 445, "4": 445, "5": 445}, "Share": {"0": 0.40700000000000003, "1": 0.22699999999999998, "2": 0.209, "3": 0.155, "4": 0.025, "5": 0.025}, "G": {"0": 79, "1": 79, "2": 76, "3": 78, "4": 67, "5": 79}, "MP": {"0": 47.3, "1": 40.7, "2": 46.0, "3": 43.4, "4": 32.2, "5": 44.5}, "PTS": {"0": 33.5, "1": 31.3, "2": 31.3, "3": 12.9, "4": 23.5, "5": 21.5}, "TRB": {"0": 24.6, "1": 7.1, "2": 7.7, "3": 22.8, "4": 5.2, "5": 21.1}, "AST": {"0": 5.2, "1": 6.1, "2": 11.1, "3": 4.8, "4": 3.2, "5": 2.7}, "STL": {"0": NaN, "1": NaN, "2": NaN, "3": NaN, "4": NaN, "5": NaN}, "BLK": {"0": NaN, "1": NaN, "2": NaN, "3": NaN, "4": NaN, "5": NaN}, "FG%": {"0": 0.54, "1": 0.473, "2": 0.475, "3": 0.415, "4": 0.469, "5": 0.45299999999999996}, "3P%": {"0": NaN, "1": NaN, "2": NaN, "3": NaN, "4": NaN, "5": NaN}, "FT%": {"0": 0.513, "1": 0.86, "2": 0.8420000000000001, "3": 0.551, "4": 0.799, "5": 0.787}, "WS": {"0": 21.4, "1": 17.1, "2": 16.9, "3": 11.7, "4": 10.0, "5": 8.1}, "WS/48": {"0": 0.275, "1": 0.256, "2": 0.23199999999999998, "3": 0.165, "4": 0.222, "5": 0.11}}