{"Rank": {"0": "1", "1": "2", "2": "3", "3": "4", "4": "5", "5": "6", "6": "7", "7": "8", "8": "9", "9": "10", "10": "11T", "11": "11T", "12": "13", "13": "14", "14": "15T", "15": "15T", "16": "15T"}, "Player": {"0": "Allen Iverson", "1": "Tim Duncan", "2": "Shaquille O'Neal", "3": "Chris Webber", "4": "Kevin Garnett", "5": "Tracy McGrady", "6": "Karl Malone", "7": "Jason Kidd", "8": "Kobe Bryant", "9": "David Robinson", "10": "Ray Allen", "11": "Vince Carter", "12": "Paul Pierce", "13": "Jerry Stackhouse", "14": "Michael Finley", "15": "Anthony Mason", "16": "John Stockton"}, "Age": {"0": 25, "1": 24, "2": 28, "3": 27, "4": 24, "5": 21, "6": 37, "7": 27, "8": 22, "9": 35, "10": 25, "11": 24, "12": 23, "13": 26, "14": 27, "15": 34, "16": 38}, "Tm": {"0": "PHI", "1": "SAS", "2": "LAL", "3": "SAC", "4": "MIN", "5": "ORL", "6": "UTA", "7": "PHO", "8": "LAL", "9": "SAS", "10": "MIL", "11": "TOR", "12": "BOS", "13": "DET", "14": "DAL", "15": "MIA", "16": "UTA"}, "First": {"0": 93.0, "1": 18.0, "2": 7.0, "3": 5.0, "4": 1.0, "5": 0.0, "6": 0.0, "7": 0.0, "8": 0.0, "9": 0.0, "10": 0.0, "11": 0.0, "12": 0.0, "13": 0.0, "14": 0.0, "15": 0.0, "16": 0.0}, "Pts Won": {"0": 1121.0, "1": 706.0, "2": 578.0, "3": 521.0, "4": 151.0, "5": 64.0, "6": 21.0, "7": 18.0, "8": 11.0, "9": 8.0, "10": 7.0, "11": 7.0, "12": 5.0, "13": 3.0, "14": 1.0, "15": 1.0, "16": 1.0}, "Pts Max": {"0": 1240, "1": 1240, "2": 1240, "3": 1240, "4": 1240, "5": 1240, "6": 1240, "7": 1240, "8": 1240, "9": 1240, "10": 1240, "11": 1240, "12": 1240, "13": 1240, "14": 1240, "15": 1240, "16": 1240}, "Share": {"0": 0.904, "1": 0.569, "2": 0.466, "3": 0.42, "4": 0.122, "5": 0.052000000000000005, "6": 0.017, "7": 0.015, "8": 0.009000000000000001, "9": 0.006, "10": 0.006, "11": 0.006, "12": 0.004, "13": 0.002, "14": 0.001, "15": 0.001, "16": 0.001}, "G": {"0": 71, "1": 82, "2": 74, "3": 70, "4": 81, "5": 77, "6": 81, "7": 77, "8": 68, "9": 80, "10": 82, "11": 75, "12": 82, "13": 80, "14": 82, "15": 80, "16": 82}, "MP": {"0": 42.0, "1": 38.7, "2": 39.5, "3": 40.5, "4": 39.5, "5": 40.1, "6": 35.7, "7": 39.8, "8": 40.9, "9": 29.6, "10": 38.2, "11": 39.7, "12": 38.0, "13": 40.2, "14": 42.0, "15": 40.7, "16": 29.2}, "PTS": {"0": 31.1, "1": 22.2, "2": 28.7, "3": 27.1, "4": 22.0, "5": 26.8, "6": 23.2, "7": 16.9, "8": 28.5, "9": 14.4, "10": 22.0, "11": 27.6, "12": 25.3, "13": 29.8, "14": 21.5, "15": 16.1, "16": 11.5}, "TRB": {"0": 3.8, "1": 12.2, "2": 12.7, "3": 11.1, "4": 11.4, "5": 7.5, "6": 8.3, "7": 6.4, "8": 5.9, "9": 8.6, "10": 5.2, "11": 5.5, "12": 6.4, "13": 3.9, "14": 5.2, "15": 9.6, "16": 2.8}, "AST": {"0": 4.6, "1": 3.0, "2": 3.7, "3": 4.2, "4": 5.0, "5": 4.6, "6": 4.5, "7": 9.8, "8": 5.0, "9": 1.5, "10": 4.6, "11": 3.9, "12": 3.1, "13": 5.1, "14": 4.4, "15": 3.1, "16": 8.7}, "STL": {"0": 2.5, "1": 0.9, "2": 0.6, "3": 1.3, "4": 1.4, "5": 1.5, "6": 1.1, "7": 2.2, "8": 1.7, "9": 1.0, "10": 1.5, "11": 1.5, "12": 1.7, "13": 1.2, "14": 1.4, "15": 1.0, "16": 1.6}, "BLK": {"0": 0.3, "1": 2.3, "2": 2.8, "3": 1.7, "4": 1.8, "5": 1.5, "6": 0.8, "7": 0.3, "8": 0.6, "9": 2.5, "10": 0.2, "11": 1.1, "12": 0.8, "13": 0.7, "14": 0.4, "15": 0.3, "16": 0.3}, "FG%": {"0": 0.42, "1": 0.499, "2": 0.5720000000000001, "3": 0.48100000000000004, "4": 0.47700000000000004, "5": 0.457, "6": 0.498, "7": 0.41100000000000003, "8": 0.46399999999999997, "9": 0.486, "10": 0.48, "11": 0.46, "12": 0.45399999999999996, "13": 0.402, "14": 0.45799999999999996, "15": 0.48200000000000004, "16": 0.504}, "3P%": {"0": 0.32, "1": 0.259, "2": 0.0, "3": 0.071, "4": 0.28800000000000003, "5": 0.355, "6": 0.4, "7": 0.297, "8": 0.305, "9": 0.0, "10": 0.433, "11": 0.408, "12": 0.38299999999999995, "13": 0.35100000000000003, "14": 0.34600000000000003, "15": NaN, "16": 0.462}, "FT%": {"0": 0.8140000000000001, "1": 0.618, "2": 0.513, "3": 0.703, "4": 0.764, "5": 0.733, "6": 0.7929999999999999, "7": 0.8140000000000001, "8": 0.853, "9": 0.747, "10": 0.888, "11": 0.765, "12": 0.745, "13": 0.8220000000000001, "14": 0.775, "15": 0.7809999999999999, "16": 0.8170000000000001}, "WS": {"0": 11.8, "1": 13.2, "2": 14.9, "3": 11.0, "4": 11.8, "5": 12.2, "6": 13.1, "7": 9.6, "8": 11.3, "9": 12.1, "10": 13.7, "11": 12.9, "12": 10.4, "13": 9.2, "14": 8.5, "15": 11.6, "16": 10.8}, "WS/48": {"0": 0.19, "1": 0.2, "2": 0.245, "3": 0.18600000000000003, "4": 0.17600000000000002, "5": 0.18899999999999997, "6": 0.217, "7": 0.15, "8": 0.196, "9": 0.24600000000000002, "10": 0.21100000000000002, "11": 0.20800000000000002, "12": 0.16, "13": 0.13699999999999998, "14": 0.11900000000000001, "15": 0.171, "16": 0.21600000000000003}}