{"Rank": {"0": "1", "1": "2", "2": "3", "3": "4", "4": "5", "5": "6", "6": "7", "7": "8", "8": "9", "9": "10", "10": "11", "11": "12T", "12": "12T", "13": "14", "14": "15", "15": "16T", "16": "16T"}, "Player": {"0": "Michael Jordan", "1": "Clyde Drexler", "2": "David Robinson", "3": "Karl Malone", "4": "Patrick Ewing", "5": "Chris Mullin", "6": "Mark Price", "7": "Tim Hardaway", "8": "Scottie Pippen", "9": "Dennis Rodman", "10": "Brad Daugherty", "11": "Charles Barkley", "12": "John Stockton", "13": "Larry Bird", "14": "Kevin Johnson", "15": "Danny Manning", "16": "Detlef Schrempf"}, "Age": {"0": 28, "1": 29, "2": 26, "3": 28, "4": 29, "5": 28, "6": 27, "7": 25, "8": 26, "9": 30, "10": 26, "11": 28, "12": 29, "13": 35, "14": 25, "15": 25, "16": 29}, "Tm": {"0": "CHI", "1": "POR", "2": "SAS", "3": "UTA", "4": "NYK", "5": "GSW", "6": "CLE", "7": "GSW", "8": "CHI", "9": "DET", "10": "CLE", "11": "PHI", "12": "UTA", "13": "BOS", "14": "PHO", "15": "LAC", "16": "IND"}, "First": {"0": 80.0, "1": 12.0, "2": 2.0, "3": 1.0, "4": 0.0, "5": 0.0, "6": 0.0, "7": 0.0, "8": 1.0, "9": 0.0, "10": 0.0, "11": 0.0, "12": 0.0, "13": 0.0, "14": 0.0, "15": 0.0, "16": 0.0}, "Pts Won": {"0": 900.0, "1": 561.0, "2": 337.0, "3": 262.0, "4": 100.0, "5": 81.0, "6": 66.0, "7": 64.0, "8": 32.0, "9": 26.0, "10": 24.0, "11": 18.0, "12": 18.0, "13": 3.0, "14": 2.0, "15": 1.0, "16": 1.0}, "Pts Max": {"0": 960, "1": 960, "2": 960, "3": 960, "4": 960, "5": 960, "6": 960, "7": 960, "8": 960, "9": 960, "10": 960, "11": 960, "12": 960, "13": 960, "14": 960, "15": 960, "16": 960}, "Share": {"0": 0.938, "1": 0.584, "2": 0.35100000000000003, "3": 0.273, "4": 0.10400000000000001, "5": 0.084, "6": 0.069, "7": 0.067, "8": 0.033, "9": 0.027000000000000003, "10": 0.025, "11": 0.019, "12": 0.019, "13": 0.003, "14": 0.002, "15": 0.001, "16": 0.001}, "G": {"0": 80, "1": 76, "2": 68, "3": 81, "4": 82, "5": 81, "6": 72, "7": 81, "8": 82, "9": 82, "10": 73, "11": 75, "12": 82, "13": 45, "14": 78, "15": 82, "16": 80}, "MP": {"0": 38.8, "1": 36.2, "2": 37.7, "3": 37.7, "4": 38.4, "5": 41.3, "6": 29.7, "7": 41.1, "8": 38.6, "9": 40.3, "10": 36.2, "11": 38.4, "12": 36.6, "13": 36.9, "14": 37.2, "15": 35.4, "16": 32.6}, "PTS": {"0": 30.1, "1": 25.0, "2": 23.2, "3": 28.0, "4": 24.0, "5": 25.6, "6": 17.3, "7": 23.4, "8": 21.0, "9": 9.8, "10": 21.5, "11": 23.1, "12": 15.8, "13": 20.2, "14": 19.7, "15": 19.3, "16": 17.3}, "TRB": {"0": 6.4, "1": 6.6, "2": 12.2, "3": 11.2, "4": 11.2, "5": 5.6, "6": 2.4, "7": 3.8, "8": 7.7, "9": 18.7, "10": 10.4, "11": 11.1, "12": 3.3, "13": 9.6, "14": 3.7, "15": 6.9, "16": 9.6}, "AST": {"0": 6.1, "1": 6.7, "2": 2.7, "3": 3.0, "4": 1.9, "5": 3.5, "6": 7.4, "7": 10.0, "8": 7.0, "9": 2.3, "10": 3.6, "11": 4.1, "12": 13.7, "13": 6.8, "14": 10.7, "15": 3.5, "16": 3.9}, "STL": {"0": 2.3, "1": 1.8, "2": 2.3, "3": 1.3, "4": 1.1, "5": 2.1, "6": 1.3, "7": 2.0, "8": 1.9, "9": 0.8, "10": 0.9, "11": 1.8, "12": 3.0, "13": 0.9, "14": 1.5, "15": 1.6, "16": 0.8}, "BLK": {"0": 0.9, "1": 0.9, "2": 4.5, "3": 0.6, "4": 3.0, "5": 0.8, "6": 0.2, "7": 0.2, "8": 1.1, "9": 0.9, "10": 1.1, "11": 0.6, "12": 0.3, "13": 0.7, "14": 0.3, "15": 1.5, "16": 0.5}, "FG%": {"0": 0.519, "1": 0.47, "2": 0.551, "3": 0.526, "4": 0.522, "5": 0.524, "6": 0.488, "7": 0.461, "8": 0.506, "9": 0.539, "10": 0.57, "11": 0.552, "12": 0.48200000000000004, "13": 0.466, "14": 0.479, "15": 0.542, "16": 0.536}, "3P%": {"0": 0.27, "1": 0.337, "2": 0.125, "3": 0.17600000000000002, "4": 0.16699999999999998, "5": 0.366, "6": 0.387, "7": 0.33799999999999997, "8": 0.2, "9": 0.317, "10": 0.0, "11": 0.23399999999999999, "12": 0.40700000000000003, "13": 0.406, "14": 0.217, "15": 0.0, "16": 0.324}, "FT%": {"0": 0.8320000000000001, "1": 0.794, "2": 0.701, "3": 0.778, "4": 0.738, "5": 0.833, "6": 0.9470000000000001, "7": 0.7659999999999999, "8": 0.76, "9": 0.6, "10": 0.777, "11": 0.695, "12": 0.8420000000000001, "13": 0.9259999999999999, "14": 0.807, "15": 0.725, "16": 0.828}, "WS": {"0": 17.7, "1": 12.8, "2": 13.9, "3": 15.1, "4": 13.0, "5": 10.8, "6": 9.1, "7": 9.2, "8": 12.7, "9": 12.6, "10": 11.7, "11": 12.3, "12": 13.4, "13": 5.5, "14": 10.0, "15": 9.8, "16": 9.8}, "WS/48": {"0": 0.27399999999999997, "1": 0.223, "2": 0.26, "3": 0.237, "4": 0.198, "5": 0.155, "6": 0.205, "7": 0.132, "8": 0.192, "9": 0.183, "10": 0.213, "11": 0.205, "12": 0.215, "13": 0.159, "14": 0.165, "15": 0.162, "16": 0.18100000000000002}}