{"Rank": {"0": "1", "1": "2", "2": "3", "3": "4", "4": "5", "5": "6", "6": "7T", "7": "7T", "8": "9", "9": "10", "10": "11T", "11": "11T", "12": "11T", "13": "11T"}, "Player": {"0": "Kareem Abdul-Jabbar", "1": "Bill Walton", "2": "Pete Maravich", "3": "Bob Lanier", "4": "Julius Erving", "5": "Moses Malone", "6": "Elvin Hayes", "7": "David Thompson", "8": "Maurice Lucas", "9": "Artis Gilmore", "10": "George Gervin", "11": "George McGinnis", "12": "Norm Van Lier", "13": "Jo Jo White"}, "Age": {"0": 29, "1": 24, "2": 29, "3": 28, "4": 26, "5": 21, "6": 31, "7": 22, "8": 24, "9": 27, "10": 24, "11": 26, "12": 29, "13": 30}, "Tm": {"0": "LAL", "1": "POR", "2": "NOJ", "3": "DET", "4": "PHI", "5": "TOT", "6": "WSB", "7": "DEN", "8": "POR", "9": "CHI", "10": "SAS", "11": "PHI", "12": "CHI", "13": "BOS"}, "First": {"0": 159.0, "1": 29.0, "2": 15.0, "3": 11.0, "4": 7.0, "5": 6.0, "6": 5.0, "7": 5.0, "8": 4.0, "9": 2.0, "10": 1.0, "11": 1.0, "12": 1.0, "13": 1.0}, "Pts Won": {"0": 159.0, "1": 29.0, "2": 15.0, "3": 11.0, "4": 7.0, "5": 6.0, "6": 5.0, "7": 5.0, "8": 4.0, "9": 2.0, "10": 1.0, "11": 1.0, "12": 1.0, "13": 1.0}, "Pts Max": {"0": 247, "1": 247, "2": 247, "3": 247, "4": 247, "5": 247, "6": 247, "7": 247, "8": 247, "9": 247, "10": 247, "11": 247, "12": 247, "13": 247}, "Share": {"0": 0.644, "1": 0.11699999999999999, "2": 0.061, "3": 0.045, "4": 0.027999999999999997, "5": 0.024, "6": 0.02, "7": 0.02, "8": 0.016, "9": 0.008, "10": 0.004, "11": 0.004, "12": 0.004, "13": 0.004}, "G": {"0": 82, "1": 65, "2": 73, "3": 64, "4": 82, "5": 82, "6": 82, "7": 82, "8": 79, "9": 82, "10": 82, "11": 79, "12": 82, "13": 82}, "MP": {"0": 36.8, "1": 34.8, "2": 41.7, "3": 38.2, "4": 35.9, "5": 30.6, "6": 41.0, "7": 36.6, "8": 36.2, "9": 35.1, "10": 33.0, "11": 35.1, "12": 37.8, "13": 40.6}, "PTS": {"0": 26.2, "1": 18.6, "2": 31.1, "3": 25.3, "4": 21.6, "5": 13.2, "6": 23.7, "7": 25.9, "8": 20.2, "9": 18.6, "10": 23.1, "11": 21.4, "12": 10.2, "13": 19.6}, "TRB": {"0": 13.3, "1": 14.4, "2": 5.1, "3": 11.6, "4": 8.5, "5": 13.1, "6": 12.5, "7": 4.1, "8": 11.4, "9": 13.0, "10": 5.5, "11": 11.5, "12": 4.5, "13": 4.7}, "AST": {"0": 3.9, "1": 3.8, "2": 5.4, "3": 3.3, "4": 3.7, "5": 1.1, "6": 1.9, "7": 4.1, "8": 2.9, "9": 2.4, "10": 2.9, "11": 3.8, "12": 7.8, "13": 6.0}, "STL": {"0": 1.2, "1": 1.0, "2": 1.2, "3": 1.1, "4": 1.9, "5": 0.8, "6": 1.1, "7": 1.4, "8": 1.1, "9": 0.5, "10": 1.3, "11": 2.1, "12": 1.6, "13": 1.4}, "BLK": {"0": 3.2, "1": 3.2, "2": 0.3, "3": 2.0, "4": 1.4, "5": 2.2, "6": 2.7, "7": 0.6, "8": 0.7, "9": 2.5, "10": 1.3, "11": 0.5, "12": 0.2, "13": 0.3}, "FG%": {"0": 0.579, "1": 0.528, "2": 0.433, "3": 0.534, "4": 0.499, "5": 0.48, "6": 0.501, "7": 0.507, "8": 0.466, "9": 0.522, "10": 0.544, "11": 0.45799999999999996, "12": 0.41200000000000003, "13": 0.429}, "3P%": {"0": NaN, "1": NaN, "2": NaN, "3": NaN, "4": NaN, "5": NaN, "6": NaN, "7": NaN, "8": NaN, "9": NaN, "10": NaN, "11": NaN, "12": NaN, "13": NaN}, "FT%": {"0": 0.701, "1": 0.6970000000000001, "2": 0.835, "3": 0.818, "4": 0.777, "5": 0.693, "6": 0.687, "7": 0.7659999999999999, "8": 0.765, "9": 0.66, "10": 0.833, "11": 0.6809999999999999, "12": 0.778, "13": 0.8690000000000001}, "WS": {"0": 17.8, "1": 10.2, "2": 6.4, "3": 10.3, "4": 11.5, "5": 8.7, "6": 12.1, "7": 10.7, "8": 8.7, "9": 12.2, "10": 10.5, "11": 8.6, "12": 5.5, "13": 6.5}, "WS/48": {"0": 0.28300000000000003, "1": 0.215, "2": 0.10099999999999999, "3": 0.203, "4": 0.188, "5": 0.16699999999999998, "6": 0.17300000000000001, "7": 0.172, "8": 0.147, "9": 0.203, "10": 0.187, "11": 0.149, "12": 0.085, "13": 0.094}}