{"Rank": {"0": "1", "1": "2", "2": "3", "3": "4", "4": "5", "5": "6", "6": "7", "7": "8", "8": "9", "9": "10T", "10": "10T"}, "Player": {"0": "Steve Nash", "1": "LeBron James", "2": "Dirk Nowitzki", "3": "Kobe Bryant", "4": "Chauncey Billups", "5": "Dwyane Wade", "6": "Elton Brand", "7": "Tim Duncan", "8": "Tony Parker", "9": "Allen Iverson", "10": "Shawn Marion"}, "Age": {"0": 31, "1": 21, "2": 27, "3": 27, "4": 29, "5": 24, "6": 26, "7": 29, "8": 23, "9": 30, "10": 27}, "Tm": {"0": "PHO", "1": "CLE", "2": "DAL", "3": "LAL", "4": "DET", "5": "MIA", "6": "LAC", "7": "SAS", "8": "SAS", "9": "PHI", "10": "PHO"}, "First": {"0": 57.0, "1": 16.0, "2": 14.0, "3": 22.0, "4": 15.0, "5": 0.0, "6": 1.0, "7": 0.0, "8": 0.0, "9": 0.0, "10": 0.0}, "Pts Won": {"0": 924.0, "1": 688.0, "2": 544.0, "3": 483.0, "4": 430.0, "5": 87.0, "6": 50.0, "7": 33.0, "8": 9.0, "9": 1.0, "10": 1.0}, "Pts Max": {"0": 1250, "1": 1250, "2": 1250, "3": 1250, "4": 1250, "5": 1250, "6": 1250, "7": 1250, "8": 1250, "9": 1250, "10": 1250}, "Share": {"0": 0.7390000000000001, "1": 0.55, "2": 0.435, "3": 0.386, "4": 0.344, "5": 0.07, "6": 0.04, "7": 0.026000000000000002, "8": 0.006999999999999999, "9": 0.001, "10": 0.001}, "G": {"0": 79, "1": 79, "2": 81, "3": 80, "4": 81, "5": 75, "6": 79, "7": 80, "8": 80, "9": 72, "10": 81}, "MP": {"0": 35.4, "1": 42.5, "2": 38.1, "3": 41.0, "4": 36.1, "5": 38.6, "6": 39.2, "7": 34.8, "8": 33.9, "9": 43.1, "10": 40.3}, "PTS": {"0": 18.8, "1": 31.4, "2": 26.6, "3": 35.4, "4": 18.5, "5": 27.2, "6": 24.7, "7": 18.6, "8": 18.9, "9": 33.0, "10": 21.8}, "TRB": {"0": 4.2, "1": 7.0, "2": 9.0, "3": 5.3, "4": 3.1, "5": 5.7, "6": 10.0, "7": 11.0, "8": 3.3, "9": 3.2, "10": 11.8}, "AST": {"0": 10.5, "1": 6.6, "2": 2.8, "3": 4.5, "4": 8.6, "5": 6.7, "6": 2.6, "7": 3.2, "8": 5.8, "9": 7.4, "10": 1.8}, "STL": {"0": 0.8, "1": 1.6, "2": 0.7, "3": 1.8, "4": 0.9, "5": 1.9, "6": 1.0, "7": 0.9, "8": 1.0, "9": 1.9, "10": 2.0}, "BLK": {"0": 0.2, "1": 0.8, "2": 1.0, "3": 0.4, "4": 0.1, "5": 0.8, "6": 2.5, "7": 2.0, "8": 0.1, "9": 0.1, "10": 1.7}, "FG%": {"0": 0.512, "1": 0.48, "2": 0.48, "3": 0.45, "4": 0.418, "5": 0.495, "6": 0.527, "7": 0.484, "8": 0.5479999999999999, "9": 0.447, "10": 0.525}, "3P%": {"0": 0.439, "1": 0.335, "2": 0.406, "3": 0.34700000000000003, "4": 0.433, "5": 0.171, "6": 0.33299999999999996, "7": 0.4, "8": 0.306, "9": 0.32299999999999995, "10": 0.331}, "FT%": {"0": 0.9209999999999999, "1": 0.738, "2": 0.9009999999999999, "3": 0.85, "4": 0.894, "5": 0.7829999999999999, "6": 0.775, "7": 0.629, "8": 0.7070000000000001, "9": 0.8140000000000001, "10": 0.809}, "WS": {"0": 12.4, "1": 16.3, "2": 17.7, "3": 15.3, "4": 15.5, "5": 14.4, "6": 14.8, "7": 10.8, "8": 9.6, "9": 10.6, "10": 14.6}, "WS/48": {"0": 0.212, "1": 0.23199999999999998, "2": 0.275, "3": 0.22399999999999998, "4": 0.254, "5": 0.239, "6": 0.22899999999999998, "7": 0.187, "8": 0.16899999999999998, "9": 0.165, "10": 0.214}}