{"Rank": {"0": "1", "1": "2", "2": "3", "3": "4", "4": "5", "5": "6", "6": "7", "7": "8", "8": "9T", "9": "9T", "10": "11", "11": "12", "12": "13", "13": "14T", "14": "14T", "15": "14T"}, "Player": {"0": "Steve Nash", "1": "Shaquille O'Neal", "2": "Dirk Nowitzki", "3": "Tim Duncan", "4": "Allen Iverson", "5": "LeBron James", "6": "Tracy McGrady", "7": "Dwyane Wade", "8": "Amar'e Stoudemire", "9": "Ray Allen", "10": "Kevin Garnett", "11": "Gilbert Arenas", "12": "Vince Carter", "13": "P.J. Brown", "14": "Marcus Camby", "15": "Shawn Marion"}, "Age": {"0": 30, "1": 32, "2": 26, "3": 28, "4": 29, "5": 20, "6": 25, "7": 23, "8": 22, "9": 29, "10": 28, "11": 23, "12": 28, "13": 35, "14": 30, "15": 26}, "Tm": {"0": "PHO", "1": "MIA", "2": "DAL", "3": "SAS", "4": "PHI", "5": "CLE", "6": "HOU", "7": "MIA", "8": "PHO", "9": "SEA", "10": "MIN", "11": "WAS", "12": "TOT", "13": "NOH", "14": "DEN", "15": "PHO"}, "First": {"0": 65.0, "1": 58.0, "2": 0.0, "3": 1.0, "4": 2.0, "5": 0.0, "6": 0.0, "7": 0.0, "8": 1.0, "9": 0.0, "10": 0.0, "11": 0.0, "12": 0.0, "13": 0.0, "14": 0.0, "15": 0.0}, "Pts Won": {"0": 1066.0, "1": 1032.0, "2": 349.0, "3": 328.0, "4": 240.0, "5": 93.0, "6": 44.0, "7": 43.0, "8": 41.0, "9": 41.0, "10": 15.0, "11": 4.0, "12": 3.0, "13": 1.0, "14": 1.0, "15": 1.0}, "Pts Max": {"0": 1270, "1": 1270, "2": 1270, "3": 1270, "4": 1270, "5": 1270, "6": 1270, "7": 1270, "8": 1270, "9": 1270, "10": 1270, "11": 1270, "12": 1270, "13": 1270, "14": 1270, "15": 1270}, "Share": {"0": 0.8390000000000001, "1": 0.813, "2": 0.275, "3": 0.258, "4": 0.18899999999999997, "5": 0.073, "6": 0.035, "7": 0.034, "8": 0.032, "9": 0.032, "10": 0.012, "11": 0.003, "12": 0.002, "13": 0.001, "14": 0.001, "15": 0.001}, "G": {"0": 75, "1": 73, "2": 78, "3": 66, "4": 75, "5": 80, "6": 78, "7": 77, "8": 80, "9": 78, "10": 82, "11": 80, "12": 77, "13": 82, "14": 66, "15": 81}, "MP": {"0": 34.3, "1": 34.1, "2": 38.7, "3": 33.4, "4": 42.3, "5": 42.4, "6": 40.8, "7": 38.6, "8": 36.1, "9": 39.3, "10": 38.1, "11": 40.9, "12": 36.7, "13": 34.4, "14": 30.5, "15": 38.8}, "PTS": {"0": 15.5, "1": 22.9, "2": 26.1, "3": 20.3, "4": 30.7, "5": 27.2, "6": 25.7, "7": 24.1, "8": 26.0, "9": 23.9, "10": 22.2, "11": 25.5, "12": 24.5, "13": 10.8, "14": 10.3, "15": 19.4}, "TRB": {"0": 3.3, "1": 10.4, "2": 9.7, "3": 11.1, "4": 4.0, "5": 7.4, "6": 6.2, "7": 5.2, "8": 8.9, "9": 4.4, "10": 13.5, "11": 4.7, "12": 5.2, "13": 9.0, "14": 10.0, "15": 11.3}, "AST": {"0": 11.5, "1": 2.7, "2": 3.1, "3": 2.7, "4": 7.9, "5": 7.2, "6": 5.7, "7": 6.8, "8": 1.6, "9": 3.7, "10": 5.7, "11": 5.1, "12": 4.2, "13": 2.2, "14": 2.3, "15": 1.9}, "STL": {"0": 1.0, "1": 0.5, "2": 1.2, "3": 0.7, "4": 2.4, "5": 2.2, "6": 1.7, "7": 1.6, "8": 1.0, "9": 1.1, "10": 1.5, "11": 1.7, "12": 1.4, "13": 0.9, "14": 0.9, "15": 2.0}, "BLK": {"0": 0.1, "1": 2.3, "2": 1.5, "3": 2.6, "4": 0.1, "5": 0.7, "6": 0.7, "7": 1.1, "8": 1.6, "9": 0.1, "10": 1.4, "11": 0.3, "12": 0.6, "13": 0.6, "14": 3.0, "15": 1.5}, "FG%": {"0": 0.502, "1": 0.601, "2": 0.45899999999999996, "3": 0.496, "4": 0.424, "5": 0.47200000000000003, "6": 0.431, "7": 0.478, "8": 0.5589999999999999, "9": 0.428, "10": 0.502, "11": 0.431, "12": 0.452, "13": 0.446, "14": 0.465, "15": 0.47600000000000003}, "3P%": {"0": 0.431, "1": NaN, "2": 0.39899999999999997, "3": 0.33299999999999996, "4": 0.308, "5": 0.35100000000000003, "6": 0.326, "7": 0.289, "8": 0.188, "9": 0.376, "10": 0.24, "11": 0.365, "12": 0.406, "13": NaN, "14": 0.0, "15": 0.33399999999999996}, "FT%": {"0": 0.887, "1": 0.461, "2": 0.8690000000000001, "3": 0.67, "4": 0.835, "5": 0.75, "6": 0.774, "7": 0.762, "8": 0.733, "9": 0.883, "10": 0.8109999999999999, "11": 0.8140000000000001, "12": 0.7979999999999999, "13": 0.8640000000000001, "14": 0.723, "15": 0.833}, "WS": {"0": 10.9, "1": 11.0, "2": 15.6, "3": 11.2, "4": 9.0, "5": 14.3, "6": 12.0, "7": 11.0, "8": 14.6, "9": 10.7, "10": 16.1, "11": 11.5, "12": 9.4, "13": 6.9, "14": 5.8, "15": 12.5}, "WS/48": {"0": 0.203, "1": 0.21100000000000002, "2": 0.248, "3": 0.245, "4": 0.136, "5": 0.203, "6": 0.18, "7": 0.177, "8": 0.243, "9": 0.168, "10": 0.248, "11": 0.16899999999999998, "12": 0.159, "13": 0.11800000000000001, "14": 0.138, "15": 0.191}}