{"Rank": {"0": "1", "1": "2", "2": "3", "3": "4", "4": "5", "5": "6", "6": "7", "7": "8", "8": "9", "9": "10T", "10": "10T", "11": "12", "12": "13T", "13": "13T"}, "Player": {"0": "Magic Johnson", "1": "Charles Barkley", "2": "Michael Jordan", "3": "Karl Malone", "4": "Patrick Ewing", "5": "David Robinson", "6": "Hakeem Olajuwon", "7": "Tom Chambers", "8": "John Stockton", "9": "Larry Bird", "10": "Buck Williams", "11": "Clyde Drexler", "12": "Joe Dumars", "13": "Isiah Thomas"}, "Age": {"0": 30, "1": 26, "2": 26, "3": 26, "4": 27, "5": 24, "6": 27, "7": 30, "8": 27, "9": 33, "10": 29, "11": 27, "12": 26, "13": 28}, "Tm": {"0": "LAL", "1": "PHI", "2": "CHI", "3": "UTA", "4": "NYK", "5": "SAS", "6": "HOU", "7": "PHO", "8": "UTA", "9": "BOS", "10": "POR", "11": "POR", "12": "DET", "13": "DET"}, "First": {"0": 27.0, "1": 38.0, "2": 21.0, "3": 2.0, "4": 1.0, "5": 2.0, "6": 1.0, "7": 0.0, "8": 0.0, "9": 0.0, "10": 0.0, "11": 0.0, "12": 0.0, "13": 0.0}, "Pts Won": {"0": 636.0, "1": 614.0, "2": 564.0, "3": 214.0, "4": 162.0, "5": 102.0, "6": 64.0, "7": 12.0, "8": 9.0, "9": 5.0, "10": 5.0, "11": 3.0, "12": 1.0, "13": 1.0}, "Pts Max": {"0": 920, "1": 920, "2": 920, "3": 920, "4": 920, "5": 920, "6": 920, "7": 920, "8": 920, "9": 920, "10": 920, "11": 920, "12": 920, "13": 920}, "Share": {"0": 0.691, "1": 0.667, "2": 0.613, "3": 0.233, "4": 0.17600000000000002, "5": 0.111, "6": 0.07, "7": 0.013000000000000001, "8": 0.01, "9": 0.005, "10": 0.005, "11": 0.003, "12": 0.001, "13": 0.001}, "G": {"0": 79, "1": 79, "2": 82, "3": 82, "4": 82, "5": 82, "6": 82, "7": 81, "8": 78, "9": 75, "10": 82, "11": 73, "12": 75, "13": 81}, "MP": {"0": 37.2, "1": 39.1, "2": 39.0, "3": 38.1, "4": 38.6, "5": 36.6, "6": 38.1, "7": 37.6, "8": 37.4, "9": 39.3, "10": 34.2, "11": 36.8, "12": 34.4, "13": 37.0}, "PTS": {"0": 22.3, "1": 25.2, "2": 33.6, "3": 31.0, "4": 28.6, "5": 24.3, "6": 24.3, "7": 27.2, "8": 17.2, "9": 24.3, "10": 13.6, "11": 23.3, "12": 17.8, "13": 18.4}, "TRB": {"0": 6.6, "1": 11.5, "2": 6.9, "3": 11.1, "4": 10.9, "5": 12.0, "6": 14.0, "7": 7.0, "8": 2.6, "9": 9.5, "10": 9.8, "11": 6.9, "12": 2.8, "13": 3.8}, "AST": {"0": 11.5, "1": 3.9, "2": 6.3, "3": 2.8, "4": 2.2, "5": 2.0, "6": 2.9, "7": 2.3, "8": 14.5, "9": 7.5, "10": 1.4, "11": 5.9, "12": 4.9, "13": 9.4}, "STL": {"0": 1.7, "1": 1.9, "2": 2.8, "3": 1.5, "4": 1.0, "5": 1.7, "6": 2.1, "7": 1.1, "8": 2.7, "9": 1.4, "10": 0.8, "11": 2.0, "12": 0.8, "13": 1.7}, "BLK": {"0": 0.4, "1": 0.6, "2": 0.7, "3": 0.6, "4": 4.0, "5": 3.9, "6": 4.6, "7": 0.6, "8": 0.2, "9": 0.8, "10": 0.5, "11": 0.7, "12": 0.0, "13": 0.2}, "FG%": {"0": 0.48, "1": 0.6, "2": 0.526, "3": 0.562, "4": 0.551, "5": 0.531, "6": 0.501, "7": 0.501, "8": 0.514, "9": 0.473, "10": 0.5479999999999999, "11": 0.494, "12": 0.48, "13": 0.43799999999999994}, "3P%": {"0": 0.384, "1": 0.217, "2": 0.376, "3": 0.37200000000000005, "4": 0.25, "5": 0.0, "6": 0.16699999999999998, "7": 0.27899999999999997, "8": 0.41600000000000004, "9": 0.33299999999999996, "10": 0.0, "11": 0.28300000000000003, "12": 0.4, "13": 0.309}, "FT%": {"0": 0.89, "1": 0.7490000000000001, "2": 0.848, "3": 0.762, "4": 0.775, "5": 0.732, "6": 0.713, "7": 0.861, "8": 0.8190000000000001, "9": 0.93, "10": 0.706, "11": 0.774, "12": 0.9, "13": 0.775}, "WS": {"0": 16.5, "1": 17.3, "2": 19.0, "3": 15.9, "4": 13.5, "5": 15.1, "6": 11.2, "7": 11.2, "8": 14.4, "9": 9.5, "10": 8.7, "11": 11.6, "12": 8.7, "13": 6.7}, "WS/48": {"0": 0.27, "1": 0.26899999999999996, "2": 0.285, "3": 0.245, "4": 0.205, "5": 0.24100000000000002, "6": 0.17300000000000001, "7": 0.17600000000000002, "8": 0.23800000000000002, "9": 0.154, "10": 0.149, "11": 0.20800000000000002, "12": 0.162, "13": 0.107}}