{"Rank": {"0": "1", "1": "2", "2": "3", "3": "4", "4": "5", "5": "6", "6": "7", "7": "8", "8": "9T", "9": "9T", "10": "11", "11": "12", "12": "13T", "13": "13T", "14": "15", "15": "16", "16": "17T", "17": "17T", "18": "17T", "19": "17T"}, "Player": {"0": "Karl Malone", "1": "Michael Jordan", "2": "Grant Hill", "3": "Tim Hardaway", "4": "Glen Rice", "5": "Gary Payton", "6": "Hakeem Olajuwon", "7": "Patrick Ewing", "8": "Anthony Mason", "9": "Shaquille O'Neal", "10": "Scottie Pippen", "11": "Alonzo Mourning", "12": "Dikembe Mutombo", "13": "Mitch Richmond", "14": "John Stockton", "15": "Charles Barkley", "16": "Tom Gugliotta", "17": "Allen Iverson", "18": "Kevin Johnson", "19": "Steve Smith"}, "Age": {"0": 33, "1": 33, "2": 24, "3": 30, "4": 29, "5": 28, "6": 34, "7": 34, "8": 30, "9": 24, "10": 31, "11": 26, "12": 30, "13": 31, "14": 34, "15": 33, "16": 27, "17": 21, "18": 30, "19": 27}, "Tm": {"0": "UTA", "1": "CHI", "2": "DET", "3": "MIA", "4": "CHH", "5": "SEA", "6": "HOU", "7": "NYK", "8": "CHH", "9": "LAL", "10": "CHI", "11": "MIA", "12": "ATL", "13": "SAC", "14": "UTA", "15": "HOU", "16": "MIN", "17": "PHI", "18": "PHO", "19": "ATL"}, "First": {"0": 63.0, "1": 52.0, "2": 0.0, "3": 0.0, "4": 0.0, "5": 0.0, "6": 0.0, "7": 0.0, "8": 0.0, "9": 0.0, "10": 0.0, "11": 0.0, "12": 0.0, "13": 0.0, "14": 0.0, "15": 0.0, "16": 0.0, "17": 0.0, "18": 0.0, "19": 0.0}, "Pts Won": {"0": 986.0, "1": 957.0, "2": 376.0, "3": 238.0, "4": 134.0, "5": 105.0, "6": 95.0, "7": 57.0, "8": 7.0, "9": 7.0, "10": 6.0, "11": 5.0, "12": 4.0, "13": 4.0, "14": 3.0, "15": 2.0, "16": 1.0, "17": 1.0, "18": 1.0, "19": 1.0}, "Pts Max": {"0": 1150, "1": 1150, "2": 1150, "3": 1150, "4": 1150, "5": 1150, "6": 1150, "7": 1150, "8": 1150, "9": 1150, "10": 1150, "11": 1150, "12": 1150, "13": 1150, "14": 1150, "15": 1150, "16": 1150, "17": 1150, "18": 1150, "19": 1150}, "Share": {"0": 0.857, "1": 0.8320000000000001, "2": 0.327, "3": 0.207, "4": 0.11699999999999999, "5": 0.091, "6": 0.083, "7": 0.05, "8": 0.006, "9": 0.006, "10": 0.005, "11": 0.004, "12": 0.003, "13": 0.003, "14": 0.003, "15": 0.002, "16": 0.001, "17": 0.001, "18": 0.001, "19": 0.001}, "G": {"0": 82, "1": 82, "2": 80, "3": 81, "4": 79, "5": 82, "6": 78, "7": 78, "8": 73, "9": 51, "10": 82, "11": 66, "12": 80, "13": 81, "14": 82, "15": 53, "16": 81, "17": 76, "18": 70, "19": 72}, "MP": {"0": 36.6, "1": 37.9, "2": 39.3, "3": 38.7, "4": 42.6, "5": 39.2, "6": 36.6, "7": 37.0, "8": 43.1, "9": 38.1, "10": 37.7, "11": 35.2, "12": 37.2, "13": 38.6, "14": 35.3, "15": 37.9, "16": 38.7, "17": 40.1, "18": 38.0, "19": 39.1}, "PTS": {"0": 27.4, "1": 29.6, "2": 21.4, "3": 20.3, "4": 26.8, "5": 21.8, "6": 23.2, "7": 22.4, "8": 16.2, "9": 26.2, "10": 20.2, "11": 19.8, "12": 13.3, "13": 25.9, "14": 14.4, "15": 19.2, "16": 20.6, "17": 23.5, "18": 20.1, "19": 20.1}, "TRB": {"0": 9.9, "1": 5.9, "2": 9.0, "3": 3.4, "4": 4.0, "5": 4.6, "6": 9.2, "7": 10.7, "8": 11.4, "9": 12.5, "10": 6.5, "11": 9.9, "12": 11.6, "13": 3.9, "14": 2.8, "15": 13.5, "16": 8.7, "17": 4.1, "18": 3.6, "19": 3.3}, "AST": {"0": 4.5, "1": 4.3, "2": 7.3, "3": 8.6, "4": 2.0, "5": 7.1, "6": 3.0, "7": 2.0, "8": 5.7, "9": 3.1, "10": 5.7, "11": 1.6, "12": 1.4, "13": 4.2, "14": 10.5, "15": 4.7, "16": 4.1, "17": 7.5, "18": 9.3, "19": 4.2}, "STL": {"0": 1.4, "1": 1.7, "2": 1.8, "3": 1.9, "4": 0.9, "5": 2.4, "6": 1.5, "7": 0.9, "8": 1.0, "9": 0.9, "10": 1.9, "11": 0.8, "12": 0.6, "13": 1.5, "14": 2.0, "15": 1.3, "16": 1.6, "17": 2.1, "18": 1.5, "19": 0.9}, "BLK": {"0": 0.6, "1": 0.5, "2": 0.6, "3": 0.1, "4": 0.3, "5": 0.2, "6": 2.2, "7": 2.4, "8": 0.5, "9": 2.9, "10": 0.5, "11": 2.9, "12": 3.3, "13": 0.3, "14": 0.2, "15": 0.5, "16": 1.1, "17": 0.3, "18": 0.2, "19": 0.3}, "FG%": {"0": 0.55, "1": 0.486, "2": 0.496, "3": 0.415, "4": 0.47700000000000004, "5": 0.47600000000000003, "6": 0.51, "7": 0.488, "8": 0.525, "9": 0.557, "10": 0.474, "11": 0.534, "12": 0.527, "13": 0.45399999999999996, "14": 0.5479999999999999, "15": 0.484, "16": 0.442, "17": 0.41600000000000004, "18": 0.496, "19": 0.429}, "3P%": {"0": 0.0, "1": 0.374, "2": 0.303, "3": 0.344, "4": 0.47, "5": 0.313, "6": 0.313, "7": 0.222, "8": 0.33299999999999996, "9": 0.0, "10": 0.368, "11": 0.111, "12": NaN, "13": 0.428, "14": 0.42200000000000004, "15": 0.28300000000000003, "16": 0.258, "17": 0.341, "18": 0.441, "19": 0.335}, "FT%": {"0": 0.755, "1": 0.833, "2": 0.711, "3": 0.799, "4": 0.867, "5": 0.715, "6": 0.787, "7": 0.754, "8": 0.745, "9": 0.484, "10": 0.701, "11": 0.642, "12": 0.705, "13": 0.861, "14": 0.846, "15": 0.6940000000000001, "16": 0.82, "17": 0.7020000000000001, "18": 0.852, "19": 0.847}, "WS": {"0": 16.7, "1": 18.3, "2": 14.6, "3": 12.9, "4": 10.8, "5": 12.9, "6": 9.1, "7": 9.8, "8": 11.4, "9": 8.0, "10": 13.1, "11": 8.4, "12": 11.3, "13": 10.8, "14": 13.6, "15": 9.4, "16": 6.7, "17": 4.1, "18": 11.7, "19": 9.1}, "WS/48": {"0": 0.268, "1": 0.28300000000000003, "2": 0.223, "3": 0.198, "4": 0.154, "5": 0.193, "6": 0.154, "7": 0.163, "8": 0.17300000000000001, "9": 0.19699999999999998, "10": 0.203, "11": 0.174, "12": 0.183, "13": 0.166, "14": 0.226, "15": 0.22399999999999998, "16": 0.10300000000000001, "17": 0.065, "18": 0.21100000000000002, "19": 0.154}}