{"Rank": {"0": "1", "1": "2", "2": "3", "3": "4", "4": "5", "5": "6", "6": "7", "7": "8T", "8": "8T", "9": "10"}, "Player": {"0": "Moses Malone", "1": "George Gervin", "2": "Elvin Hayes", "3": "Kareem Abdul-Jabbar", "4": "Bob Dandridge", "5": "World B. Free", "6": "Jack Sikma", "7": "Phil Ford", "8": "David Thompson", "9": "Walter Davis"}, "Age": {"0": 23, "1": 26, "2": 33, "3": 31, "4": 31, "5": 25, "6": 23, "7": 22, "8": 24, "9": 24}, "Tm": {"0": "HOU", "1": "SAS", "2": "WSB", "3": "LAL", "4": "WSB", "5": "SDC", "6": "SEA", "7": "KCK", "8": "DEN", "9": "PHO"}, "First": {"0": 112.0, "1": 35.0, "2": 28.0, "3": 15.0, "4": 7.0, "5": 5.0, "6": 4.0, "7": 3.0, "8": 3.0, "9": 2.0}, "Pts Won": {"0": 112.0, "1": 35.0, "2": 28.0, "3": 15.0, "4": 7.0, "5": 5.0, "6": 4.0, "7": 3.0, "8": 3.0, "9": 2.0}, "Pts Max": {"0": 223, "1": 223, "2": 223, "3": 223, "4": 223, "5": 223, "6": 223, "7": 223, "8": 223, "9": 223}, "Share": {"0": 0.502, "1": 0.157, "2": 0.126, "3": 0.067, "4": 0.031, "5": 0.022000000000000002, "6": 0.018000000000000002, "7": 0.013000000000000001, "8": 0.013000000000000001, "9": 0.009000000000000001}, "G": {"0": 82, "1": 80, "2": 82, "3": 80, "4": 78, "5": 78, "6": 82, "7": 79, "8": 76, "9": 79}, "MP": {"0": 41.3, "1": 36.1, "2": 37.9, "3": 39.5, "4": 33.7, "5": 37.9, "6": 36.1, "7": 34.5, "8": 35.1, "9": 30.8}, "PTS": {"0": 24.8, "1": 29.6, "2": 21.8, "3": 23.8, "4": 20.4, "5": 28.8, "6": 15.6, "7": 15.9, "8": 24.0, "9": 23.6}, "TRB": {"0": 17.6, "1": 5.0, "2": 12.1, "3": 12.8, "4": 5.7, "5": 3.9, "6": 12.4, "7": 2.3, "8": 3.6, "9": 4.7}, "AST": {"0": 1.8, "1": 2.7, "2": 1.7, "3": 5.4, "4": 4.7, "5": 4.4, "6": 3.2, "7": 8.6, "8": 3.0, "9": 4.3}, "STL": {"0": 1.0, "1": 1.7, "2": 0.9, "3": 1.0, "4": 0.9, "5": 1.4, "6": 1.0, "7": 2.2, "8": 0.9, "9": 1.9}, "BLK": {"0": 1.5, "1": 1.1, "2": 2.3, "3": 4.0, "4": 0.7, "5": 0.4, "6": 0.8, "7": 0.1, "8": 1.1, "9": 0.3}, "FG%": {"0": 0.54, "1": 0.541, "2": 0.48700000000000004, "3": 0.5770000000000001, "4": 0.499, "5": 0.48100000000000004, "6": 0.46, "7": 0.465, "8": 0.512, "9": 0.561}, "3P%": {"0": NaN, "1": NaN, "2": NaN, "3": NaN, "4": NaN, "5": NaN, "6": NaN, "7": NaN, "8": NaN, "9": NaN}, "FT%": {"0": 0.7390000000000001, "1": 0.826, "2": 0.654, "3": 0.736, "4": 0.825, "5": 0.7559999999999999, "6": 0.8140000000000001, "7": 0.813, "8": 0.753, "9": 0.831}, "WS": {"0": 14.1, "1": 11.4, "2": 9.4, "3": 14.4, "4": 8.7, "5": 10.1, "6": 8.8, "7": 5.7, "8": 9.5, "9": 9.4}, "WS/48": {"0": 0.2, "1": 0.18899999999999997, "2": 0.146, "3": 0.21899999999999997, "4": 0.158, "5": 0.16399999999999998, "6": 0.14300000000000002, "7": 0.10099999999999999, "8": 0.171, "9": 0.184}}