{"Rank": {"0": 1, "1": 2, "2": 3, "3": 4, "4": 5}, "Player": {"0": "Bill Russell", "1": "Oscar Robertson", "2": "Jerry West", "3": "Sam Jones", "4": "Wilt Chamberlain"}, "Age": {"0": 30, "1": 26, "2": 26, "3": 31, "4": 28}, "Tm": {"0": "BOS", "1": "CIN", "2": "LAL", "3": "BOS", "4": "TOT"}, "First": {"0": 53.0, "1": 21.0, "2": 20.0, "3": 4.0, "4": 1.0}, "Pts Won": {"0": 53.0, "1": 21.0, "2": 20.0, "3": 4.0, "4": 1.0}, "Pts Max": {"0": 99, "1": 99, "2": 99, "3": 99, "4": 99}, "Share": {"0": 0.535, "1": 0.212, "2": 0.20199999999999999, "3": 0.04, "4": 0.01}, "G": {"0": 78, "1": 75, "2": 74, "3": 80, "4": 73}, "MP": {"0": 44.4, "1": 45.6, "2": 41.4, "3": 36.1, "4": 45.2}, "PTS": {"0": 14.1, "1": 30.4, "2": 31.0, "3": 25.9, "4": 34.7}, "TRB": {"0": 24.1, "1": 9.0, "2": 6.0, "3": 5.1, "4": 22.9}, "AST": {"0": 5.3, "1": 11.5, "2": 4.9, "3": 2.8, "4": 3.4}, "STL": {"0": NaN, "1": NaN, "2": NaN, "3": NaN, "4": NaN}, "BLK": {"0": NaN, "1": NaN, "2": NaN, "3": NaN, "4": NaN}, "FG%": {"0": 0.43799999999999994, "1": 0.48, "2": 0.49700000000000005, "3": 0.452, "4": 0.51}, "3P%": {"0": NaN, "1": NaN, "2": NaN, "3": NaN, "4": NaN}, "FT%": {"0": 0.573, "1": 0.8390000000000001, "2": 0.821, "3": 0.82, "4": 0.46399999999999997}, "WS": {"0": 16.9, "1": 17.0, "2": 16.7, "3": 12.8, "4": 15.1}, "WS/48": {"0": 0.23399999999999999, "1": 0.23800000000000002, "2": 0.261, "3": 0.213, "4": 0.21899999999999997}}