{"Rank": {"0": "1", "1": "2", "2": "3", "3": "4", "4": "5", "5": "6", "6": "7", "7": "8T", "8": "8T", "9": "10T", "10": "10T", "11": "10T"}, "Player": {"0": "Stephen Curry", "1": "James Harden", "2": "LeBron James", "3": "Russell Westbrook", "4": "Anthony Davis", "5": "Chris Paul", "6": "LaMarcus Aldridge", "7": "Marc Gasol", "8": "Blake Griffin", "9": "Tim Duncan", "10": "Kawhi Leonard", "11": "Klay Thompson"}, "Age": {"0": 26, "1": 25, "2": 30, "3": 26, "4": 21, "5": 29, "6": 29, "7": 30, "8": 25, "9": 38, "10": 23, "11": 24}, "Tm": {"0": "GSW", "1": "HOU", "2": "CLE", "3": "OKC", "4": "NOP", "5": "LAC", "6": "POR", "7": "MEM", "8": "LAC", "9": "SAS", "10": "SAS", "11": "GSW"}, "First": {"0": 100.0, "1": 25.0, "2": 5.0, "3": 0.0, "4": 0.0, "5": 0.0, "6": 0.0, "7": 0.0, "8": 0.0, "9": 0.0, "10": 0.0, "11": 0.0}, "Pts Won": {"0": 1198.0, "1": 936.0, "2": 552.0, "3": 352.0, "4": 203.0, "5": 124.0, "6": 6.0, "7": 3.0, "8": 3.0, "9": 1.0, "10": 1.0, "11": 1.0}, "Pts Max": {"0": 1300, "1": 1300, "2": 1300, "3": 1300, "4": 1300, "5": 1300, "6": 1300, "7": 1300, "8": 1300, "9": 1300, "10": 1300, "11": 1300}, "Share": {"0": 0.922, "1": 0.72, "2": 0.425, "3": 0.271, "4": 0.156, "5": 0.095, "6": 0.005, "7": 0.002, "8": 0.002, "9": 0.001, "10": 0.001, "11": 0.001}, "G": {"0": 80, "1": 81, "2": 69, "3": 67, "4": 68, "5": 82, "6": 71, "7": 81, "8": 67, "9": 77, "10": 64, "11": 77}, "MP": {"0": 32.7, "1": 36.8, "2": 36.1, "3": 34.4, "4": 36.1, "5": 34.8, "6": 35.4, "7": 33.2, "8": 35.2, "9": 28.9, "10": 31.8, "11": 31.9}, "PTS": {"0": 23.8, "1": 27.4, "2": 25.3, "3": 28.1, "4": 24.4, "5": 19.1, "6": 23.4, "7": 17.4, "8": 21.9, "9": 13.9, "10": 16.5, "11": 21.7}, "TRB": {"0": 4.3, "1": 5.7, "2": 6.0, "3": 7.3, "4": 10.2, "5": 4.6, "6": 10.2, "7": 7.8, "8": 7.6, "9": 9.1, "10": 7.2, "11": 3.2}, "AST": {"0": 7.7, "1": 7.0, "2": 7.4, "3": 8.6, "4": 2.2, "5": 10.2, "6": 1.7, "7": 3.8, "8": 5.3, "9": 3.0, "10": 2.5, "11": 2.9}, "STL": {"0": 2.0, "1": 1.9, "2": 1.6, "3": 2.1, "4": 1.5, "5": 1.9, "6": 0.7, "7": 0.9, "8": 0.9, "9": 0.8, "10": 2.3, "11": 1.1}, "BLK": {"0": 0.2, "1": 0.7, "2": 0.7, "3": 0.2, "4": 2.9, "5": 0.2, "6": 1.0, "7": 1.6, "8": 0.5, "9": 2.0, "10": 0.8, "11": 0.8}, "FG%": {"0": 0.48700000000000004, "1": 0.44, "2": 0.488, "3": 0.426, "4": 0.535, "5": 0.485, "6": 0.466, "7": 0.494, "8": 0.502, "9": 0.512, "10": 0.479, "11": 0.46299999999999997}, "3P%": {"0": 0.44299999999999995, "1": 0.375, "2": 0.354, "3": 0.299, "4": 0.083, "5": 0.39799999999999996, "6": 0.35200000000000004, "7": 0.17600000000000002, "8": 0.4, "9": 0.28600000000000003, "10": 0.349, "11": 0.439}, "FT%": {"0": 0.914, "1": 0.868, "2": 0.71, "3": 0.835, "4": 0.805, "5": 0.9, "6": 0.845, "7": 0.795, "8": 0.728, "9": 0.74, "10": 0.802, "11": 0.879}, "WS": {"0": 15.7, "1": 16.4, "2": 10.4, "3": 10.6, "4": 14.0, "5": 16.1, "6": 8.6, "7": 10.2, "8": 9.0, "9": 9.6, "10": 8.6, "11": 8.8}, "WS/48": {"0": 0.28800000000000003, "1": 0.265, "2": 0.19899999999999998, "3": 0.222, "4": 0.27399999999999997, "5": 0.27, "6": 0.165, "7": 0.182, "8": 0.183, "9": 0.207, "10": 0.204, "11": 0.172}}