{"Rank": {"0": "1", "1": "2", "2": "3", "3": "4", "4": "5", "5": "6", "6": "7T", "7": "7T", "8": "9", "9": "10", "10": "11T", "11": "11T", "12": "11T", "13": "11T", "14": "11T", "15": "11T", "16": "11T"}, "Player": {"0": "Hakeem Olajuwon", "1": "David Robinson", "2": "Scottie Pippen", "3": "Shaquille O'Neal", "4": "Patrick Ewing", "5": "Gary Payton", "6": "Shawn Kemp", "7": "Karl Malone", "8": "Mark Price", "9": "Charles Barkley", "10": "Mookie Blaylock", "11": "Kevin Johnson", "12": "Dennis Rodman", "13": "Latrell Sprewell", "14": "John Stockton", "15": "Dominique Wilkins", "16": "Kevin Willis"}, "Age": {"0": 31, "1": 28, "2": 28, "3": 21, "4": 31, "5": 25, "6": 24, "7": 30, "8": 29, "9": 30, "10": 26, "11": 27, "12": 32, "13": 23, "14": 31, "15": 34, "16": 31}, "Tm": {"0": "HOU", "1": "SAS", "2": "CHI", "3": "ORL", "4": "NYK", "5": "SEA", "6": "SEA", "7": "UTA", "8": "CLE", "9": "PHO", "10": "ATL", "11": "PHO", "12": "SAS", "13": "GSW", "14": "UTA", "15": "TOT", "16": "ATL"}, "First": {"0": 66.0, "1": 24.0, "2": 7.0, "3": 3.0, "4": 1.0, "5": 0.0, "6": 0.0, "7": 0.0, "8": 0.0, "9": 0.0, "10": 0.0, "11": 0.0, "12": 0.0, "13": 0.0, "14": 0.0, "15": 0.0, "16": 0.0}, "Pts Won": {"0": 889.0, "1": 730.0, "2": 390.0, "3": 289.0, "4": 255.0, "5": 20.0, "6": 17.0, "7": 17.0, "8": 7.0, "9": 5.0, "10": 1.0, "11": 1.0, "12": 1.0, "13": 1.0, "14": 1.0, "15": 1.0, "16": 1.0}, "Pts Max": {"0": 1010, "1": 1010, "2": 1010, "3": 1010, "4": 1010, "5": 1010, "6": 1010, "7": 1010, "8": 1010, "9": 1010, "10": 1010, "11": 1010, "12": 1010, "13": 1010, "14": 1010, "15": 1010, "16": 1010}, "Share": {"0": 0.88, "1": 0.723, "2": 0.386, "3": 0.28600000000000003, "4": 0.252, "5": 0.02, "6": 0.017, "7": 0.017, "8": 0.006999999999999999, "9": 0.005, "10": 0.001, "11": 0.001, "12": 0.001, "13": 0.001, "14": 0.001, "15": 0.001, "16": 0.001}, "G": {"0": 80, "1": 80, "2": 72, "3": 81, "4": 79, "5": 82, "6": 79, "7": 82, "8": 76, "9": 65, "10": 81, "11": 67, "12": 79, "13": 82, "14": 82, "15": 74, "16": 80}, "MP": {"0": 41.0, "1": 40.5, "2": 38.3, "3": 39.8, "4": 37.6, "5": 35.1, "6": 32.9, "7": 40.6, "8": 31.4, "9": 35.4, "10": 36.0, "11": 36.6, "12": 37.8, "13": 43.1, "14": 36.2, "15": 35.6, "16": 35.8}, "PTS": {"0": 27.3, "1": 29.8, "2": 22.0, "3": 29.3, "4": 24.5, "5": 16.5, "6": 18.1, "7": 25.2, "8": 17.3, "9": 21.6, "10": 13.8, "11": 20.0, "12": 4.7, "13": 21.0, "14": 15.1, "15": 26.0, "16": 19.1}, "TRB": {"0": 11.9, "1": 10.7, "2": 8.7, "3": 13.2, "4": 11.2, "5": 3.3, "6": 10.8, "7": 11.5, "8": 3.0, "9": 11.2, "10": 5.2, "11": 2.5, "12": 17.3, "13": 4.9, "14": 3.1, "15": 6.5, "16": 12.0}, "AST": {"0": 3.6, "1": 4.8, "2": 5.6, "3": 2.4, "4": 2.3, "5": 6.0, "6": 2.6, "7": 4.0, "8": 7.8, "9": 4.6, "10": 9.7, "11": 9.5, "12": 2.3, "13": 4.7, "14": 12.6, "15": 2.3, "16": 1.9}, "STL": {"0": 1.6, "1": 1.7, "2": 2.9, "3": 0.9, "4": 1.1, "5": 2.3, "6": 1.8, "7": 1.5, "8": 1.4, "9": 1.6, "10": 2.6, "11": 1.9, "12": 0.7, "13": 2.2, "14": 2.4, "15": 1.2, "16": 1.0}, "BLK": {"0": 3.7, "1": 3.3, "2": 0.8, "3": 2.9, "4": 2.7, "5": 0.2, "6": 2.1, "7": 1.5, "8": 0.1, "9": 0.6, "10": 0.5, "11": 0.1, "12": 0.4, "13": 0.9, "14": 0.3, "15": 0.4, "16": 0.5}, "FG%": {"0": 0.528, "1": 0.507, "2": 0.491, "3": 0.599, "4": 0.496, "5": 0.504, "6": 0.5379999999999999, "7": 0.49700000000000005, "8": 0.478, "9": 0.495, "10": 0.41100000000000003, "11": 0.48700000000000004, "12": 0.534, "13": 0.433, "14": 0.528, "15": 0.44, "16": 0.499}, "3P%": {"0": 0.42100000000000004, "1": 0.345, "2": 0.32, "3": 0.0, "4": 0.28600000000000003, "5": 0.278, "6": 0.25, "7": 0.25, "8": 0.397, "9": 0.27, "10": 0.33399999999999996, "11": 0.222, "12": 0.20800000000000002, "13": 0.361, "14": 0.322, "15": 0.28800000000000003, "16": 0.375}, "FT%": {"0": 0.716, "1": 0.7490000000000001, "2": 0.66, "3": 0.5539999999999999, "4": 0.765, "5": 0.595, "6": 0.741, "7": 0.6940000000000001, "8": 0.888, "9": 0.7040000000000001, "10": 0.73, "11": 0.8190000000000001, "12": 0.52, "13": 0.774, "14": 0.805, "15": 0.847, "16": 0.713}, "WS": {"0": 14.3, "1": 20.0, "2": 11.2, "3": 16.9, "4": 13.1, "5": 9.3, "6": 11.7, "7": 13.4, "8": 10.0, "9": 8.8, "10": 10.2, "11": 8.7, "12": 8.7, "13": 8.0, "14": 13.2, "15": 8.4, "16": 10.2}, "WS/48": {"0": 0.21, "1": 0.29600000000000004, "2": 0.19399999999999998, "3": 0.252, "4": 0.21100000000000002, "5": 0.155, "6": 0.21600000000000003, "7": 0.193, "8": 0.201, "9": 0.185, "10": 0.168, "11": 0.17, "12": 0.14, "13": 0.10800000000000001, "14": 0.214, "15": 0.153, "16": 0.17}}