{"Rank": {"0": "1", "1": "2", "2": "3", "3": "4", "4": "5", "5": "6", "6": "7", "7": "8T", "8": "8T", "9": "10", "10": "11T", "11": "11T"}, "Player": {"0": "Bill Russell", "1": "Elgin Baylor", "2": "Oscar Robertson", "3": "Bob Pettit", "4": "Jerry West", "5": "Red Kerr", "6": "Wilt Chamberlain", "7": "Terry Dischinger", "8": "Bob Cousy", "9": "John Havlicek", "10": "John Barnhill", "11": "Walt Bellamy"}, "Age": {"0": 28, "1": 28, "2": 24, "3": 30, "4": 24, "5": 30, "6": 26, "7": 22, "8": 34, "9": 22, "10": 24, "11": 23}, "Tm": {"0": "BOS", "1": "LAL", "2": "CIN", "3": "STL", "4": "LAL", "5": "SYR", "6": "SFW", "7": "CHZ", "8": "BOS", "9": "BOS", "10": "STL", "11": "CHZ"}, "First": {"0": 56.0, "1": 19.0, "2": 19.0, "3": 3.0, "4": 2.0, "5": 1.0, "6": 0.0, "7": 1.0, "8": 0.0, "9": 0.0, "10": 0.0, "11": 0.0}, "Pts Won": {"0": 341.0, "1": 221.0, "2": 191.0, "3": 84.0, "4": 19.0, "5": 13.0, "6": 9.0, "7": 5.0, "8": 5.0, "9": 3.0, "10": 1.0, "11": 1.0}, "Pts Max": {"0": 505, "1": 505, "2": 505, "3": 505, "4": 505, "5": 505, "6": 505, "7": 505, "8": 505, "9": 505, "10": 505, "11": 505}, "Share": {"0": 0.675, "1": 0.43799999999999994, "2": 0.37799999999999995, "3": 0.166, "4": 0.038, "5": 0.026000000000000002, "6": 0.018000000000000002, "7": 0.01, "8": 0.01, "9": 0.006, "10": 0.002, "11": 0.002}, "G": {"0": 78, "1": 80, "2": 80, "3": 79, "4": 55, "5": 80, "6": 80, "7": 57, "8": 76, "9": 80, "10": 77, "11": 80}, "MP": {"0": 44.9, "1": 42.1, "2": 44.0, "3": 39.1, "4": 39.3, "5": 32.0, "6": 47.6, "7": 40.2, "8": 26.0, "9": 27.5, "10": 35.0, "11": 41.3}, "PTS": {"0": 16.8, "1": 34.0, "2": 28.3, "3": 28.4, "4": 27.1, "5": 15.7, "6": 44.8, "7": 25.5, "8": 13.2, "9": 14.3, "10": 11.7, "11": 27.9}, "TRB": {"0": 23.6, "1": 14.3, "2": 10.4, "3": 15.1, "4": 7.0, "5": 13.0, "6": 24.3, "7": 8.0, "8": 2.5, "9": 6.7, "10": 4.7, "11": 16.4}, "AST": {"0": 4.5, "1": 4.8, "2": 9.5, "3": 3.1, "4": 5.6, "5": 2.7, "6": 3.4, "7": 3.1, "8": 6.8, "9": 2.2, "10": 4.2, "11": 2.9}, "STL": {"0": NaN, "1": NaN, "2": NaN, "3": NaN, "4": NaN, "5": NaN, "6": NaN, "7": NaN, "8": NaN, "9": NaN, "10": NaN, "11": NaN}, "BLK": {"0": NaN, "1": NaN, "2": NaN, "3": NaN, "4": NaN, "5": NaN, "6": NaN, "7": NaN, "8": NaN, "9": NaN, "10": NaN, "11": NaN}, "FG%": {"0": 0.43200000000000005, "1": 0.45299999999999996, "2": 0.518, "3": 0.446, "4": 0.461, "5": 0.474, "6": 0.528, "7": 0.512, "8": 0.397, "9": 0.445, "10": 0.43, "11": 0.527}, "3P%": {"0": NaN, "1": NaN, "2": NaN, "3": NaN, "4": NaN, "5": NaN, "6": NaN, "7": NaN, "8": NaN, "9": NaN, "10": NaN, "11": NaN}, "FT%": {"0": 0.555, "1": 0.8370000000000001, "2": 0.81, "3": 0.774, "4": 0.778, "5": 0.753, "6": 0.593, "7": 0.77, "8": 0.735, "9": 0.728, "10": 0.71, "11": 0.674}, "WS": {"0": 13.5, "1": 14.4, "2": 16.8, "3": 14.3, "4": 8.1, "5": 7.7, "6": 20.9, "7": 9.2, "8": 5.2, "9": 6.4, "10": 4.6, "11": 13.7}, "WS/48": {"0": 0.185, "1": 0.205, "2": 0.22899999999999998, "3": 0.222, "4": 0.18, "5": 0.14400000000000002, "6": 0.264, "7": 0.192, "8": 0.126, "9": 0.139, "10": 0.08199999999999999, "11": 0.19899999999999998}}