{"Rank": {"0": "1", "1": "2", "2": "3", "3": "4", "4": "5", "5": "6", "6": "7", "7": "8", "8": "9", "9": "10", "10": "11", "11": "12T", "12": "12T", "13": "14", "14": "15"}, "Player": {"0": "LeBron James", "1": "Kevin Durant", "2": "Chris Paul", "3": "Kobe Bryant", "4": "Tony Parker", "5": "Kevin Love", "6": "Dwight Howard", "7": "Rajon Rondo", "8": "Steve Nash", "9": "Dwyane Wade", "10": "Derrick Rose", "11": "Dirk Nowitzki", "12": "Russell Westbrook", "13": "Tim Duncan", "14": "Joe Johnson"}, "Age": {"0": 27, "1": 23, "2": 26, "3": 33, "4": 29, "5": 23, "6": 26, "7": 25, "8": 37, "9": 30, "10": 23, "11": 33, "12": 23, "13": 35, "14": 30}, "Tm": {"0": "MIA", "1": "OKC", "2": "LAC", "3": "LAL", "4": "SAS", "5": "MIN", "6": "ORL", "7": "BOS", "8": "PHO", "9": "MIA", "10": "CHI", "11": "DAL", "12": "OKC", "13": "SAS", "14": "ATL"}, "First": {"0": 85.0, "1": 24.0, "2": 6.0, "3": 2.0, "4": 4.0, "5": 0.0, "6": 0.0, "7": 0.0, "8": 0.0, "9": 0.0, "10": 0.0, "11": 0.0, "12": 0.0, "13": 0.0, "14": 0.0}, "Pts Won": {"0": 1074.0, "1": 889.0, "2": 385.0, "3": 352.0, "4": 331.0, "5": 58.0, "6": 13.0, "7": 12.0, "8": 7.0, "9": 6.0, "10": 5.0, "11": 4.0, "12": 4.0, "13": 3.0, "14": 1.0}, "Pts Max": {"0": 1210, "1": 1210, "2": 1210, "3": 1210, "4": 1210, "5": 1210, "6": 1210, "7": 1210, "8": 1210, "9": 1210, "10": 1210, "11": 1210, "12": 1210, "13": 1210, "14": 1210}, "Share": {"0": 0.888, "1": 0.735, "2": 0.318, "3": 0.29100000000000004, "4": 0.27399999999999997, "5": 0.048, "6": 0.011000000000000001, "7": 0.01, "8": 0.006, "9": 0.005, "10": 0.004, "11": 0.003, "12": 0.003, "13": 0.002, "14": 0.001}, "G": {"0": 62, "1": 66, "2": 60, "3": 58, "4": 60, "5": 55, "6": 54, "7": 53, "8": 62, "9": 49, "10": 39, "11": 62, "12": 66, "13": 58, "14": 60}, "MP": {"0": 37.5, "1": 38.6, "2": 36.4, "3": 38.5, "4": 32.1, "5": 39.0, "6": 38.3, "7": 36.9, "8": 31.6, "9": 33.2, "10": 35.3, "11": 33.5, "12": 35.3, "13": 28.2, "14": 35.5}, "PTS": {"0": 27.1, "1": 28.0, "2": 19.8, "3": 27.9, "4": 18.3, "5": 26.0, "6": 20.6, "7": 11.9, "8": 12.5, "9": 22.1, "10": 21.8, "11": 21.6, "12": 23.6, "13": 15.4, "14": 18.8}, "TRB": {"0": 7.9, "1": 8.0, "2": 3.6, "3": 5.4, "4": 2.9, "5": 13.3, "6": 14.5, "7": 4.8, "8": 3.0, "9": 4.8, "10": 3.4, "11": 6.7, "12": 4.6, "13": 9.0, "14": 3.7}, "AST": {"0": 6.2, "1": 3.5, "2": 9.1, "3": 4.6, "4": 7.7, "5": 2.0, "6": 1.9, "7": 11.7, "8": 10.7, "9": 4.6, "10": 7.9, "11": 2.2, "12": 5.5, "13": 2.3, "14": 3.9}, "STL": {"0": 1.9, "1": 1.3, "2": 2.5, "3": 1.2, "4": 1.0, "5": 0.9, "6": 1.5, "7": 1.8, "8": 0.6, "9": 1.7, "10": 0.9, "11": 0.7, "12": 1.7, "13": 0.7, "14": 0.8}, "BLK": {"0": 0.8, "1": 1.2, "2": 0.1, "3": 0.3, "4": 0.1, "5": 0.5, "6": 2.1, "7": 0.1, "8": 0.1, "9": 1.3, "10": 0.7, "11": 0.5, "12": 0.3, "13": 1.5, "14": 0.2}, "FG%": {"0": 0.531, "1": 0.496, "2": 0.478, "3": 0.43, "4": 0.48, "5": 0.44799999999999995, "6": 0.573, "7": 0.44799999999999995, "8": 0.532, "9": 0.49700000000000005, "10": 0.435, "11": 0.457, "12": 0.457, "13": 0.49200000000000005, "14": 0.45399999999999996}, "3P%": {"0": 0.36200000000000004, "1": 0.387, "2": 0.371, "3": 0.303, "4": 0.23, "5": 0.37200000000000005, "6": 0.0, "7": 0.23800000000000002, "8": 0.39, "9": 0.268, "10": 0.312, "11": 0.368, "12": 0.316, "13": 0.0, "14": 0.38799999999999996}, "FT%": {"0": 0.7709999999999999, "1": 0.86, "2": 0.861, "3": 0.845, "4": 0.799, "5": 0.8240000000000001, "6": 0.491, "7": 0.597, "8": 0.894, "9": 0.7909999999999999, "10": 0.812, "11": 0.8959999999999999, "12": 0.823, "13": 0.695, "14": 0.8490000000000001}, "WS": {"0": 14.5, "1": 12.2, "2": 12.7, "3": 6.2, "4": 7.1, "5": 10.0, "6": 7.7, "7": 4.9, "8": 5.9, "9": 7.7, "10": 6.0, "11": 7.6, "12": 7.9, "13": 5.9, "14": 6.4}, "WS/48": {"0": 0.298, "1": 0.23, "2": 0.278, "3": 0.132, "4": 0.177, "5": 0.223, "6": 0.179, "7": 0.121, "8": 0.14400000000000002, "9": 0.22699999999999998, "10": 0.21100000000000002, "11": 0.175, "12": 0.163, "13": 0.174, "14": 0.145}}