{"Rank": {"0": 1, "1": 2, "2": 3, "3": 4, "4": 5, "5": 6, "6": 7, "7": 8}, "Player": {"0": "Bill Russell", "1": "Wilt Chamberlain", "2": "Oscar Robertson", "3": "Elgin Baylor", "4": "Jerry West", "5": "Bob Pettit", "6": "Richie Guerin", "7": "Bob Cousy"}, "Age": {"0": 27, "1": 25, "2": 23, "3": 27, "4": 23, "5": 29, "6": 29, "7": 33}, "Tm": {"0": "BOS", "1": "PHW", "2": "CIN", "3": "LAL", "4": "LAL", "5": "STL", "6": "NYK", "7": "BOS"}, "First": {"0": 51.0, "1": 9.0, "2": 13.0, "3": 3.0, "4": 6.0, "5": 2.0, "6": 1.0, "7": 0.0}, "Pts Won": {"0": 297.0, "1": 152.0, "2": 135.0, "3": 82.0, "4": 60.0, "5": 31.0, "6": 5.0, "7": 3.0}, "Pts Max": {"0": 425, "1": 425, "2": 425, "3": 425, "4": 425, "5": 425, "6": 425, "7": 425}, "Share": {"0": 0.6990000000000001, "1": 0.358, "2": 0.318, "3": 0.193, "4": 0.141, "5": 0.073, "6": 0.012, "7": 0.006999999999999999}, "G": {"0": 76, "1": 80, "2": 79, "3": 48, "4": 75, "5": 78, "6": 78, "7": 75}, "MP": {"0": 45.2, "1": 48.5, "2": 44.3, "3": 44.4, "4": 41.2, "5": 42.1, "6": 42.9, "7": 28.2}, "PTS": {"0": 18.9, "1": 50.4, "2": 30.8, "3": 38.3, "4": 30.8, "5": 31.1, "6": 29.5, "7": 15.7}, "TRB": {"0": 23.6, "1": 25.7, "2": 12.5, "3": 18.6, "4": 7.9, "5": 18.7, "6": 6.4, "7": 3.5}, "AST": {"0": 4.5, "1": 2.4, "2": 11.4, "3": 4.6, "4": 5.4, "5": 3.7, "6": 6.9, "7": 7.8}, "STL": {"0": NaN, "1": NaN, "2": NaN, "3": NaN, "4": NaN, "5": NaN, "6": NaN, "7": NaN}, "BLK": {"0": NaN, "1": NaN, "2": NaN, "3": NaN, "4": NaN, "5": NaN, "6": NaN, "7": NaN}, "FG%": {"0": 0.457, "1": 0.506, "2": 0.478, "3": 0.428, "4": 0.445, "5": 0.45, "6": 0.442, "7": 0.391}, "3P%": {"0": NaN, "1": NaN, "2": NaN, "3": NaN, "4": NaN, "5": NaN, "6": NaN, "7": NaN}, "FT%": {"0": 0.595, "1": 0.613, "2": 0.8029999999999999, "3": 0.754, "4": 0.769, "5": 0.7709999999999999, "6": 0.82, "7": 0.754}, "WS": {"0": 15.5, "1": 23.1, "2": 15.6, "3": 7.9, "4": 12.9, "5": 11.5, "6": 12.1, "7": 6.3}, "WS/48": {"0": 0.217, "1": 0.28600000000000003, "2": 0.214, "3": 0.179, "4": 0.201, "5": 0.168, "6": 0.174, "7": 0.14400000000000002}}