{"Rank": {"0": 1, "1": 2, "2": 3, "3": 4, "4": 5}, "Player": {"0": "Wilt Chamberlain", "1": "Lenny Wilkens", "2": "Elgin Baylor", "3": "Dave Bing", "4": "Oscar Robertson"}, "Age": {"0": 31, "1": 30, "2": 33, "3": 24, "4": 29}, "Tm": {"0": "PHI", "1": "STL", "2": "LAL", "3": "DET", "4": "CIN"}, "First": {"0": 88.0, "1": 26.0, "2": 9.0, "3": 9.0, "4": 3.0}, "Pts Won": {"0": 504.0, "1": 216.0, "2": 129.0, "3": 127.0, "4": 93.0}, "Pts Max": {"0": 675, "1": 675, "2": 675, "3": 675, "4": 675}, "Share": {"0": 0.747, "1": 0.32, "2": 0.191, "3": 0.188, "4": 0.138}, "G": {"0": 82, "1": 82, "2": 77, "3": 79, "4": 65}, "MP": {"0": 46.8, "1": 38.6, "2": 39.3, "3": 40.6, "4": 42.5}, "PTS": {"0": 24.3, "1": 20.0, "2": 26.0, "3": 27.1, "4": 29.2}, "TRB": {"0": 23.8, "1": 5.3, "2": 12.2, "3": 4.7, "4": 6.0}, "AST": {"0": 8.6, "1": 8.3, "2": 4.6, "3": 6.4, "4": 9.7}, "STL": {"0": NaN, "1": NaN, "2": NaN, "3": NaN, "4": NaN}, "BLK": {"0": NaN, "1": NaN, "2": NaN, "3": NaN, "4": NaN}, "FG%": {"0": 0.595, "1": 0.43799999999999994, "2": 0.44299999999999995, "3": 0.441, "4": 0.5}, "3P%": {"0": NaN, "1": NaN, "2": NaN, "3": NaN, "4": NaN}, "FT%": {"0": 0.38, "1": 0.768, "2": 0.7859999999999999, "3": 0.7070000000000001, "4": 0.873}, "WS": {"0": 20.4, "1": 10.1, "2": 8.0, "3": 6.2, "4": 12.3}, "WS/48": {"0": 0.255, "1": 0.153, "2": 0.127, "3": 0.09300000000000001, "4": 0.214}}