{"Rank": {"0": 1, "1": 2, "2": 3, "3": 4, "4": 5, "5": 6, "6": 7, "7": 8, "8": 9, "9": 10}, "Player": {"0": "Kareem Abdul-Jabbar", "1": "Jerry West", "2": "Dave Bing", "3": "Willis Reed", "4": "Oscar Robertson", "5": "John Havlicek", "6": "Bob Love", "7": "Nate Thurmond", "8": "Billy Cunningham", "9": "Gus Johnson"}, "Age": {"0": 23, "1": 32, "2": 27, "3": 28, "4": 32, "5": 30, "6": 28, "7": 29, "8": 27, "9": 32}, "Tm": {"0": "MIL", "1": "LAL", "2": "DET", "3": "NYK", "4": "MIL", "5": "BOS", "6": "CHI", "7": "SFW", "8": "PHI", "9": "BAL"}, "First": {"0": 133.0, "1": 4.0, "2": 6.0, "3": 5.0, "4": 5.0, "5": 1.0, "6": 0.0, "7": 0.0, "8": 1.0, "9": 1.0}, "Pts Won": {"0": 698.0, "1": 166.0, "2": 119.0, "3": 109.0, "4": 63.0, "5": 56.0, "6": 38.0, "7": 33.0, "8": 25.0, "9": 15.0}, "Pts Max": {"0": 780, "1": 780, "2": 780, "3": 780, "4": 780, "5": 780, "6": 780, "7": 780, "8": 780, "9": 780}, "Share": {"0": 0.895, "1": 0.213, "2": 0.153, "3": 0.14, "4": 0.081, "5": 0.07200000000000001, "6": 0.049, "7": 0.042, "8": 0.032, "9": 0.019}, "G": {"0": 82, "1": 69, "2": 82, "3": 73, "4": 81, "5": 81, "6": 81, "7": 82, "8": 81, "9": 66}, "MP": {"0": 40.1, "1": 41.2, "2": 37.4, "3": 39.1, "4": 39.4, "5": 45.4, "6": 43.0, "7": 40.9, "8": 38.1, "9": 38.5}, "PTS": {"0": 31.7, "1": 26.9, "2": 27.0, "3": 20.9, "4": 19.4, "5": 28.9, "6": 25.2, "7": 20.0, "8": 23.0, "9": 18.2}, "TRB": {"0": 16.0, "1": 4.6, "2": 4.4, "3": 13.7, "4": 5.7, "5": 9.0, "6": 8.5, "7": 13.8, "8": 11.7, "9": 17.1}, "AST": {"0": 3.3, "1": 9.5, "2": 5.0, "3": 2.0, "4": 8.2, "5": 7.5, "6": 2.3, "7": 3.1, "8": 4.9, "9": 2.9}, "STL": {"0": NaN, "1": NaN, "2": NaN, "3": NaN, "4": NaN, "5": NaN, "6": NaN, "7": NaN, "8": NaN, "9": NaN}, "BLK": {"0": NaN, "1": NaN, "2": NaN, "3": NaN, "4": NaN, "5": NaN, "6": NaN, "7": NaN, "8": NaN, "9": NaN}, "FG%": {"0": 0.5770000000000001, "1": 0.494, "2": 0.467, "3": 0.462, "4": 0.496, "5": 0.45, "6": 0.447, "7": 0.445, "8": 0.462, "9": 0.45299999999999996}, "3P%": {"0": NaN, "1": NaN, "2": NaN, "3": NaN, "4": NaN, "5": NaN, "6": NaN, "7": NaN, "8": NaN, "9": NaN}, "FT%": {"0": 0.69, "1": 0.8320000000000001, "2": 0.797, "3": 0.785, "4": 0.85, "5": 0.818, "6": 0.8290000000000001, "7": 0.73, "8": 0.7340000000000001, "9": 0.738}, "WS": {"0": 22.3, "1": 12.8, "2": 11.7, "3": 10.6, "4": 12.4, "5": 12.5, "6": 9.9, "7": 7.2, "8": 10.0, "9": 7.2}, "WS/48": {"0": 0.326, "1": 0.215, "2": 0.183, "3": 0.179, "4": 0.18600000000000003, "5": 0.16399999999999998, "6": 0.13699999999999998, "7": 0.10300000000000001, "8": 0.156, "9": 0.136}}