{"Rank": {"0": 1, "1": 2, "2": 3, "3": 4, "4": 5}, "Player": {"0": "Wes Unseld", "1": "Willis Reed", "2": "Billy Cunningham", "3": "Bill Russell", "4": "Elgin Baylor"}, "Age": {"0": 22, "1": 26, "2": 25, "3": 34, "4": 34}, "Tm": {"0": "BAL", "1": "NYK", "2": "PHI", "3": "BOS", "4": "LAL"}, "First": {"0": 53.0, "1": 18.0, "2": 15.0, "3": 11.0, "4": 6.0}, "Pts Won": {"0": 310.0, "1": 137.0, "2": 130.0, "3": 93.0, "4": 89.0}, "Pts Max": {"0": 515, "1": 515, "2": 515, "3": 515, "4": 515}, "Share": {"0": 0.602, "1": 0.266, "2": 0.252, "3": 0.18100000000000002, "4": 0.17300000000000001}, "G": {"0": 82, "1": 82, "2": 82, "3": 77, "4": 76}, "MP": {"0": 36.2, "1": 37.9, "2": 40.8, "3": 42.7, "4": 40.3}, "PTS": {"0": 13.8, "1": 21.1, "2": 24.8, "3": 9.9, "4": 24.8}, "TRB": {"0": 18.2, "1": 14.5, "2": 12.8, "3": 19.3, "4": 10.6}, "AST": {"0": 2.6, "1": 2.3, "2": 3.5, "3": 4.9, "4": 5.4}, "STL": {"0": NaN, "1": NaN, "2": NaN, "3": NaN, "4": NaN}, "BLK": {"0": NaN, "1": NaN, "2": NaN, "3": NaN, "4": NaN}, "FG%": {"0": 0.47600000000000003, "1": 0.521, "2": 0.426, "3": 0.433, "4": 0.447}, "3P%": {"0": NaN, "1": NaN, "2": NaN, "3": NaN, "4": NaN}, "FT%": {"0": 0.605, "1": 0.747, "2": 0.737, "3": 0.526, "4": 0.743}, "WS": {"0": 10.8, "1": 14.7, "2": 9.0, "3": 10.9, "4": 8.5}, "WS/48": {"0": 0.175, "1": 0.22699999999999998, "2": 0.129, "3": 0.159, "4": 0.133}}