{"Rank": {"0": "1", "1": "2", "2": "3", "3": "4", "4": "5T", "5": "5T", "6": "7T", "7": "7T"}, "Player": {"0": "Bob Pettit", "1": "Paul Arizin", "2": "Bob Cousy", "3": "Mel Hutchins", "4": "Dolph Schayes", "5": "Bill Sharman", "6": "Tom Gola", "7": "Maurice Stokes"}, "Age": {"0": 23, "1": 27, "2": 27, "3": 27, "4": 27, "5": 29, "6": 23, "7": 22}, "Tm": {"0": "STL", "1": "PHW", "2": "BOS", "3": "FTW", "4": "SYR", "5": "BOS", "6": "PHW", "7": "ROC"}, "First": {"0": 33.0, "1": 21.0, "2": 11.0, "3": 9.0, "4": 2.0, "5": 2.0, "6": 1.0, "7": 1.0}, "Pts Won": {"0": 33.0, "1": 21.0, "2": 11.0, "3": 9.0, "4": 2.0, "5": 2.0, "6": 1.0, "7": 1.0}, "Pts Max": {"0": 80, "1": 80, "2": 80, "3": 80, "4": 80, "5": 80, "6": 80, "7": 80}, "Share": {"0": 0.413, "1": 0.263, "2": 0.138, "3": 0.113, "4": 0.025, "5": 0.025, "6": 0.013000000000000001, "7": 0.013000000000000001}, "G": {"0": 72, "1": 72, "2": 72, "3": 66, "4": 72, "5": 72, "6": 68, "7": 67}, "MP": {"0": 38.8, "1": 37.8, "2": 38.4, "3": 33.9, "4": 35.0, "5": 37.5, "6": 34.5, "7": 34.7}, "PTS": {"0": 25.7, "1": 24.2, "2": 18.8, "3": 12.0, "4": 20.4, "5": 19.9, "6": 10.8, "7": 16.8}, "TRB": {"0": 16.2, "1": 7.5, "2": 6.8, "3": 7.5, "4": 12.4, "5": 3.6, "6": 9.1, "7": 16.3}, "AST": {"0": 2.6, "1": 2.6, "2": 8.9, "3": 2.7, "4": 2.8, "5": 4.7, "6": 5.9, "7": 4.9}, "STL": {"0": NaN, "1": NaN, "2": NaN, "3": NaN, "4": NaN, "5": NaN, "6": NaN, "7": NaN}, "BLK": {"0": NaN, "1": NaN, "2": NaN, "3": NaN, "4": NaN, "5": NaN, "6": NaN, "7": NaN}, "FG%": {"0": 0.429, "1": 0.44799999999999995, "2": 0.36, "3": 0.425, "4": 0.387, "5": 0.43799999999999994, "6": 0.41200000000000003, "7": 0.354}, "3P%": {"0": NaN, "1": NaN, "2": NaN, "3": NaN, "4": NaN, "5": NaN, "6": NaN, "7": NaN}, "FT%": {"0": 0.736, "1": 0.81, "2": 0.8440000000000001, "3": 0.643, "4": 0.858, "5": 0.867, "6": 0.733, "7": 0.7140000000000001}, "WS": {"0": 13.8, "1": 12.2, "2": 6.8, "3": 4.4, "4": 11.8, "5": 8.8, "6": 6.5, "7": 6.0}, "WS/48": {"0": 0.23600000000000002, "1": 0.214, "2": 0.11900000000000001, "3": 0.095, "4": 0.225, "5": 0.157, "6": 0.132, "7": 0.125}}