{"Rank": {"0": "1", "1": "2", "2": "3", "3": "4", "4": "5", "5": "6", "6": "7", "7": "8", "8": "9", "9": "10", "10": "11", "11": "12", "12": "13", "13": "14", "14": "15", "15": "16T", "16": "16T", "17": "16T"}, "Player": {"0": "Tim Duncan", "1": "Jason Kidd", "2": "Shaquille O'Neal", "3": "Tracy McGrady", "4": "Kobe Bryant", "5": "Gary Payton", "6": "Chris Webber", "7": "Dirk Nowitzki", "8": "Allen Iverson", "9": "Ben Wallace", "10": "Paul Pierce", "11": "Kevin Garnett", "12": "Michael Jordan", "13": "Steve Nash", "14": "Jerry Stackhouse", "15": "Mike Bibby", "16": "Elton Brand", "17": "Peja Stojakovi\u0107"}, "Age": {"0": 25, "1": 28, "2": 29, "3": 22, "4": 23, "5": 33, "6": 28, "7": 23, "8": 26, "9": 27, "10": 24, "11": 25, "12": 38, "13": 27, "14": 27, "15": 23, "16": 22, "17": 24}, "Tm": {"0": "SAS", "1": "NJN", "2": "LAL", "3": "ORL", "4": "LAL", "5": "SEA", "6": "SAC", "7": "DAL", "8": "PHI", "9": "DET", "10": "BOS", "11": "MIN", "12": "WAS", "13": "DAL", "14": "DET", "15": "SAC", "16": "LAC", "17": "SAC"}, "First": {"0": 57.0, "1": 45.0, "2": 15.0, "3": 7.0, "4": 1.0, "5": 1.0, "6": 0.0, "7": 0.0, "8": 0.0, "9": 0.0, "10": 0.0, "11": 0.0, "12": 0.0, "13": 0.0, "14": 0.0, "15": 0.0, "16": 0.0, "17": 0.0}, "Pts Won": {"0": 954.0, "1": 897.0, "2": 696.0, "3": 390.0, "4": 98.0, "5": 54.0, "6": 37.0, "7": 31.0, "8": 29.0, "9": 24.0, "10": 22.0, "11": 17.0, "12": 16.0, "13": 5.0, "14": 3.0, "15": 1.0, "16": 1.0, "17": 1.0}, "Pts Max": {"0": 1260, "1": 1260, "2": 1260, "3": 1260, "4": 1260, "5": 1260, "6": 1260, "7": 1260, "8": 1260, "9": 1260, "10": 1260, "11": 1260, "12": 1260, "13": 1260, "14": 1260, "15": 1260, "16": 1260, "17": 1260}, "Share": {"0": 0.757, "1": 0.7120000000000001, "2": 0.552, "3": 0.31, "4": 0.078, "5": 0.043, "6": 0.028999999999999998, "7": 0.025, "8": 0.023, "9": 0.019, "10": 0.017, "11": 0.013000000000000001, "12": 0.013000000000000001, "13": 0.004, "14": 0.002, "15": 0.001, "16": 0.001, "17": 0.001}, "G": {"0": 82, "1": 82, "2": 67, "3": 76, "4": 80, "5": 82, "6": 54, "7": 76, "8": 60, "9": 80, "10": 82, "11": 81, "12": 60, "13": 82, "14": 76, "15": 80, "16": 80, "17": 71}, "MP": {"0": 40.6, "1": 37.3, "2": 36.1, "3": 38.3, "4": 38.3, "5": 40.3, "6": 38.4, "7": 38.0, "8": 43.7, "9": 36.5, "10": 40.3, "11": 39.2, "12": 34.9, "13": 34.6, "14": 35.3, "15": 33.2, "16": 37.8, "17": 37.3}, "PTS": {"0": 25.5, "1": 14.7, "2": 27.2, "3": 25.6, "4": 25.2, "5": 22.1, "6": 24.5, "7": 23.4, "8": 31.4, "9": 7.6, "10": 26.1, "11": 21.2, "12": 22.9, "13": 17.9, "14": 21.4, "15": 13.7, "16": 18.2, "17": 21.2}, "TRB": {"0": 12.7, "1": 7.3, "2": 10.7, "3": 7.9, "4": 5.5, "5": 4.8, "6": 10.1, "7": 9.9, "8": 4.5, "9": 13.0, "10": 6.9, "11": 12.1, "12": 5.7, "13": 3.1, "14": 4.1, "15": 2.8, "16": 11.6, "17": 5.3}, "AST": {"0": 3.7, "1": 9.9, "2": 3.0, "3": 5.3, "4": 5.5, "5": 9.0, "6": 4.8, "7": 2.4, "8": 5.5, "9": 1.4, "10": 3.2, "11": 5.2, "12": 5.2, "13": 7.7, "14": 5.3, "15": 5.0, "16": 2.4, "17": 2.5}, "STL": {"0": 0.7, "1": 2.1, "2": 0.6, "3": 1.6, "4": 1.5, "5": 1.6, "6": 1.7, "7": 1.1, "8": 2.8, "9": 1.7, "10": 1.9, "11": 1.2, "12": 1.4, "13": 0.6, "14": 1.0, "15": 1.1, "16": 1.0, "17": 1.1}, "BLK": {"0": 2.5, "1": 0.2, "2": 2.0, "3": 1.0, "4": 0.4, "5": 0.3, "6": 1.4, "7": 1.0, "8": 0.2, "9": 3.5, "10": 1.0, "11": 1.6, "12": 0.4, "13": 0.0, "14": 0.5, "15": 0.2, "16": 2.0, "17": 0.2}, "FG%": {"0": 0.508, "1": 0.391, "2": 0.579, "3": 0.451, "4": 0.469, "5": 0.467, "6": 0.495, "7": 0.47700000000000004, "8": 0.39799999999999996, "9": 0.531, "10": 0.442, "11": 0.47, "12": 0.41600000000000004, "13": 0.483, "14": 0.397, "15": 0.45299999999999996, "16": 0.527, "17": 0.484}, "3P%": {"0": 0.1, "1": 0.321, "2": 0.0, "3": 0.364, "4": 0.25, "5": 0.314, "6": 0.263, "7": 0.397, "8": 0.29100000000000004, "9": 0.0, "10": 0.40399999999999997, "11": 0.319, "12": 0.18899999999999997, "13": 0.455, "14": 0.287, "15": 0.37, "16": NaN, "17": 0.41600000000000004}, "FT%": {"0": 0.799, "1": 0.8140000000000001, "2": 0.555, "3": 0.748, "4": 0.8290000000000001, "5": 0.797, "6": 0.7490000000000001, "7": 0.853, "8": 0.812, "9": 0.423, "10": 0.809, "11": 0.8009999999999999, "12": 0.79, "13": 0.887, "14": 0.858, "15": 0.8029999999999999, "16": 0.742, "17": 0.8759999999999999}, "WS": {"0": 17.8, "1": 8.9, "2": 13.2, "3": 11.5, "4": 12.7, "5": 12.6, "6": 8.6, "7": 13.4, "8": 6.9, "9": 11.6, "10": 12.9, "11": 12.8, "12": 3.3, "13": 9.9, "14": 5.8, "15": 6.3, "16": 13.6, "17": 9.9}, "WS/48": {"0": 0.257, "1": 0.14, "2": 0.262, "3": 0.18899999999999997, "4": 0.19899999999999998, "5": 0.183, "6": 0.2, "7": 0.222, "8": 0.126, "9": 0.19, "10": 0.187, "11": 0.19399999999999998, "12": 0.075, "13": 0.16699999999999998, "14": 0.10400000000000001, "15": 0.113, "16": 0.21600000000000003, "17": 0.179}}