{"Rank": {"0": "1", "1": "2", "2": "3", "3": "4", "4": "5", "5": "6T", "6": "6T", "7": "8T", "8": "8T", "9": "10T", "10": "10T", "11": "10T", "12": "10T", "13": "10T"}, "Player": {"0": "Bill Walton", "1": "George Gervin", "2": "David Thompson", "3": "Kareem Abdul-Jabbar", "4": "Walter Davis", "5": "Maurice Lucas", "6": "Paul Westphal", "7": "Artis Gilmore", "8": "Truck Robinson", "9": "Julius Erving", "10": "Marques Johnson", "11": "Bob Lanier", "12": "Bob McAdoo", "13": "Marvin Webster"}, "Age": {"0": 25, "1": 25, "2": 23, "3": 30, "4": 23, "5": 25, "6": 27, "7": 28, "8": 26, "9": 27, "10": 21, "11": 29, "12": 26, "13": 25}, "Tm": {"0": "POR", "1": "SAS", "2": "DEN", "3": "LAL", "4": "PHO", "5": "POR", "6": "PHO", "7": "CHI", "8": "NOJ", "9": "PHI", "10": "MIL", "11": "DET", "12": "NYK", "13": "SEA"}, "First": {"0": 96.0, "1": 80.5, "2": 28.5, "3": 14.0, "4": 4.0, "5": 3.0, "6": 3.0, "7": 2.0, "8": 2.0, "9": 1.0, "10": 1.0, "11": 1.0, "12": 1.0, "13": 1.0}, "Pts Won": {"0": 96.0, "1": 80.5, "2": 28.5, "3": 14.0, "4": 4.0, "5": 3.0, "6": 3.0, "7": 2.0, "8": 2.0, "9": 1.0, "10": 1.0, "11": 1.0, "12": 1.0, "13": 1.0}, "Pts Max": {"0": 238, "1": 238, "2": 238, "3": 238, "4": 238, "5": 238, "6": 238, "7": 238, "8": 238, "9": 238, "10": 238, "11": 238, "12": 238, "13": 238}, "Share": {"0": 0.40299999999999997, "1": 0.33799999999999997, "2": 0.12, "3": 0.059000000000000004, "4": 0.017, "5": 0.013000000000000001, "6": 0.013000000000000001, "7": 0.008, "8": 0.008, "9": 0.004, "10": 0.004, "11": 0.004, "12": 0.004, "13": 0.004}, "G": {"0": 58, "1": 82, "2": 80, "3": 62, "4": 81, "5": 68, "6": 80, "7": 82, "8": 82, "9": 74, "10": 80, "11": 63, "12": 79, "13": 82}, "MP": {"0": 33.3, "1": 34.8, "2": 37.8, "3": 36.5, "4": 32.0, "5": 31.2, "6": 31.0, "7": 37.4, "8": 44.4, "9": 32.8, "10": 34.6, "11": 36.7, "12": 40.3, "13": 35.5}, "PTS": {"0": 18.9, "1": 27.2, "2": 27.2, "3": 25.8, "4": 24.2, "5": 16.4, "6": 25.2, "7": 22.9, "8": 22.7, "9": 20.6, "10": 19.5, "11": 24.5, "12": 26.5, "13": 14.0}, "TRB": {"0": 13.2, "1": 5.1, "2": 4.9, "3": 12.9, "4": 6.0, "5": 9.1, "6": 2.1, "7": 13.1, "8": 15.7, "9": 6.5, "10": 10.6, "11": 11.3, "12": 12.8, "13": 12.6}, "AST": {"0": 5.0, "1": 3.7, "2": 4.5, "3": 4.3, "4": 3.4, "5": 2.5, "6": 5.5, "7": 3.2, "8": 2.1, "9": 3.8, "10": 2.4, "11": 3.4, "12": 3.8, "13": 2.5}, "STL": {"0": 1.0, "1": 1.7, "2": 1.2, "3": 1.7, "4": 1.4, "5": 0.9, "6": 1.7, "7": 0.5, "8": 0.9, "9": 1.8, "10": 1.2, "11": 1.3, "12": 1.3, "13": 0.6}, "BLK": {"0": 2.5, "1": 1.3, "2": 1.2, "3": 3.0, "4": 0.2, "5": 0.8, "6": 0.4, "7": 2.2, "8": 1.0, "9": 1.3, "10": 1.3, "11": 1.5, "12": 1.6, "13": 2.0}, "FG%": {"0": 0.522, "1": 0.536, "2": 0.521, "3": 0.55, "4": 0.526, "5": 0.45799999999999996, "6": 0.516, "7": 0.5589999999999999, "8": 0.444, "9": 0.502, "10": 0.522, "11": 0.537, "12": 0.52, "13": 0.502}, "3P%": {"0": NaN, "1": NaN, "2": NaN, "3": NaN, "4": NaN, "5": NaN, "6": NaN, "7": NaN, "8": NaN, "9": NaN, "10": NaN, "11": NaN, "12": NaN, "13": NaN}, "FT%": {"0": 0.72, "1": 0.83, "2": 0.778, "3": 0.7829999999999999, "4": 0.83, "5": 0.767, "6": 0.813, "7": 0.7040000000000001, "8": 0.64, "9": 0.845, "10": 0.736, "11": 0.772, "12": 0.727, "13": 0.629}, "WS": {"0": 8.4, "1": 12.0, "2": 12.7, "3": 12.1, "4": 10.1, "5": 5.8, "6": 9.8, "7": 11.5, "8": 6.5, "9": 9.1, "10": 10.6, "11": 10.1, "12": 10.9, "13": 8.7}, "WS/48": {"0": 0.209, "1": 0.201, "2": 0.20199999999999999, "3": 0.257, "4": 0.187, "5": 0.131, "6": 0.19, "7": 0.18, "8": 0.086, "9": 0.179, "10": 0.185, "11": 0.209, "12": 0.165, "13": 0.14300000000000002}}