{"Rank": {"0": "1", "1": "2", "2": "3", "3": "4", "4": "5", "5": "6", "6": "7", "7": "8", "8": "9T", "9": "9T", "10": "11", "11": "12T", "12": "12T", "13": "14", "14": "15", "15": "16T", "16": "16T"}, "Player": {"0": "Michael Jordan", "1": "David Robinson", "2": "Anfernee Hardaway", "3": "Hakeem Olajuwon", "4": "Scottie Pippen", "5": "Gary Payton", "6": "Karl Malone", "7": "Shawn Kemp", "8": "Grant Hill", "9": "Shaquille O'Neal", "10": "John Stockton", "11": "Charles Barkley", "12": "Magic Johnson", "13": "Alonzo Mourning", "14": "Dennis Rodman", "15": "Terrell Brandon", "16": "Mitch Richmond"}, "Age": {"0": 32, "1": 30, "2": 24, "3": 33, "4": 30, "5": 27, "6": 32, "7": 26, "8": 23, "9": 23, "10": 33, "11": 32, "12": 36, "13": 25, "14": 34, "15": 25, "16": 30}, "Tm": {"0": "CHI", "1": "SAS", "2": "ORL", "3": "HOU", "4": "CHI", "5": "SEA", "6": "UTA", "7": "SEA", "8": "DET", "9": "ORL", "10": "UTA", "11": "PHO", "12": "LAL", "13": "MIA", "14": "CHI", "15": "CLE", "16": "SAC"}, "First": {"0": 109.0, "1": 0.0, "2": 2.0, "3": 1.0, "4": 0.0, "5": 0.0, "6": 1.0, "7": 0.0, "8": 0.0, "9": 0.0, "10": 0.0, "11": 0.0, "12": 0.0, "13": 0.0, "14": 0.0, "15": 0.0, "16": 0.0}, "Pts Won": {"0": 1114.0, "1": 574.0, "2": 360.0, "3": 238.0, "4": 226.0, "5": 98.0, "6": 85.0, "7": 73.0, "8": 63.0, "9": 63.0, "10": 12.0, "11": 8.0, "12": 8.0, "13": 6.0, "14": 4.0, "15": 3.0, "16": 3.0}, "Pts Max": {"0": 1130, "1": 1130, "2": 1130, "3": 1130, "4": 1130, "5": 1130, "6": 1130, "7": 1130, "8": 1130, "9": 1130, "10": 1130, "11": 1130, "12": 1130, "13": 1130, "14": 1130, "15": 1130, "16": 1130}, "Share": {"0": 0.986, "1": 0.508, "2": 0.319, "3": 0.21100000000000002, "4": 0.2, "5": 0.087, "6": 0.075, "7": 0.065, "8": 0.055999999999999994, "9": 0.055999999999999994, "10": 0.011000000000000001, "11": 0.006999999999999999, "12": 0.006999999999999999, "13": 0.005, "14": 0.004, "15": 0.003, "16": 0.003}, "G": {"0": 82, "1": 82, "2": 82, "3": 72, "4": 77, "5": 81, "6": 82, "7": 79, "8": 80, "9": 54, "10": 82, "11": 71, "12": 32, "13": 70, "14": 64, "15": 75, "16": 81}, "MP": {"0": 37.7, "1": 36.8, "2": 36.8, "3": 38.8, "4": 36.7, "5": 39.0, "6": 38.0, "7": 33.3, "8": 40.8, "9": 36.0, "10": 35.5, "11": 37.1, "12": 29.9, "13": 38.2, "14": 32.6, "15": 34.3, "16": 36.4}, "PTS": {"0": 30.4, "1": 25.0, "2": 21.7, "3": 26.9, "4": 19.4, "5": 19.3, "6": 25.7, "7": 19.6, "8": 20.2, "9": 26.6, "10": 14.7, "11": 23.2, "12": 14.6, "13": 23.2, "14": 5.5, "15": 19.3, "16": 23.1}, "TRB": {"0": 6.6, "1": 12.2, "2": 4.3, "3": 10.9, "4": 6.4, "5": 4.2, "6": 9.8, "7": 11.4, "8": 9.8, "9": 11.0, "10": 2.8, "11": 11.6, "12": 5.7, "13": 10.4, "14": 14.9, "15": 3.3, "16": 3.3}, "AST": {"0": 4.3, "1": 3.0, "2": 7.1, "3": 3.6, "4": 5.9, "5": 7.5, "6": 4.2, "7": 2.2, "8": 6.9, "9": 2.9, "10": 11.2, "11": 3.7, "12": 6.9, "13": 2.3, "14": 2.5, "15": 6.5, "16": 3.1}, "STL": {"0": 2.2, "1": 1.4, "2": 2.0, "3": 1.6, "4": 1.7, "5": 2.9, "6": 1.7, "7": 1.2, "8": 1.3, "9": 0.6, "10": 1.7, "11": 1.6, "12": 0.8, "13": 1.0, "14": 0.6, "15": 1.8, "16": 1.5}, "BLK": {"0": 0.5, "1": 3.3, "2": 0.5, "3": 2.9, "4": 0.7, "5": 0.2, "6": 0.7, "7": 1.6, "8": 0.6, "9": 2.1, "10": 0.2, "11": 0.8, "12": 0.4, "13": 2.7, "14": 0.4, "15": 0.4, "16": 0.2}, "FG%": {"0": 0.495, "1": 0.516, "2": 0.513, "3": 0.514, "4": 0.46299999999999997, "5": 0.484, "6": 0.519, "7": 0.561, "8": 0.462, "9": 0.573, "10": 0.5379999999999999, "11": 0.5, "12": 0.466, "13": 0.523, "14": 0.48, "15": 0.465, "16": 0.447}, "3P%": {"0": 0.42700000000000005, "1": 0.33299999999999996, "2": 0.314, "3": 0.214, "4": 0.374, "5": 0.32799999999999996, "6": 0.4, "7": 0.41700000000000004, "8": 0.192, "9": 0.5, "10": 0.42200000000000004, "11": 0.28, "12": 0.379, "13": 0.3, "14": 0.111, "15": 0.387, "16": 0.43700000000000006}, "FT%": {"0": 0.8340000000000001, "1": 0.7609999999999999, "2": 0.767, "3": 0.7240000000000001, "4": 0.679, "5": 0.748, "6": 0.723, "7": 0.742, "8": 0.7509999999999999, "9": 0.48700000000000004, "10": 0.83, "11": 0.777, "12": 0.856, "13": 0.685, "14": 0.528, "15": 0.887, "16": 0.866}, "WS": {"0": 20.4, "1": 18.3, "2": 14.4, "3": 9.7, "4": 12.3, "5": 11.5, "6": 15.1, "7": 11.2, "8": 11.7, "9": 6.9, "10": 13.0, "11": 10.5, "12": 3.6, "13": 9.9, "14": 6.2, "15": 12.7, "16": 9.3}, "WS/48": {"0": 0.317, "1": 0.29, "2": 0.22899999999999998, "3": 0.166, "4": 0.209, "5": 0.174, "6": 0.233, "7": 0.205, "8": 0.172, "9": 0.171, "10": 0.214, "11": 0.191, "12": 0.18100000000000002, "13": 0.17800000000000002, "14": 0.14300000000000002, "15": 0.237, "16": 0.151}}