{"Rank": {"0": "1", "1": "2", "2": "3", "3": "4", "4": "5", "5": "6", "6": "7", "7": "8", "8": "9", "9": "10", "10": "11", "11": "12", "12": "13", "13": "14T", "14": "14T", "15": "14T", "16": "14T"}, "Player": {"0": "Kobe Bryant", "1": "Chris Paul", "2": "Kevin Garnett", "3": "LeBron James", "4": "Dwight Howard", "5": "Amar'e Stoudemire", "6": "Tim Duncan", "7": "Tracy McGrady", "8": "Steve Nash", "9": "Manu Gin\u00f3bili", "10": "Dirk Nowitzki", "11": "Deron Williams", "12": "Carmelo Anthony", "13": "Carlos Boozer", "14": "Antawn Jamison", "15": "Paul Pierce", "16": "Rasheed Wallace"}, "Age": {"0": 29, "1": 22, "2": 31, "3": 23, "4": 22, "5": 25, "6": 31, "7": 28, "8": 33, "9": 30, "10": 29, "11": 23, "12": 23, "13": 26, "14": 31, "15": 30, "16": 33}, "Tm": {"0": "LAL", "1": "NOH", "2": "BOS", "3": "CLE", "4": "ORL", "5": "PHO", "6": "SAS", "7": "HOU", "8": "PHO", "9": "SAS", "10": "DAL", "11": "UTA", "12": "DEN", "13": "UTA", "14": "WAS", "15": "BOS", "16": "DET"}, "First": {"0": 82.0, "1": 28.0, "2": 15.0, "3": 1.0, "4": 0.0, "5": 0.0, "6": 0.0, "7": 0.0, "8": 0.0, "9": 0.0, "10": 0.0, "11": 0.0, "12": 0.0, "13": 0.0, "14": 0.0, "15": 0.0, "16": 0.0}, "Pts Won": {"0": 1100.0, "1": 894.0, "2": 670.0, "3": 438.0, "4": 60.0, "5": 27.0, "6": 25.0, "7": 19.0, "8": 18.0, "9": 9.0, "10": 5.0, "11": 4.0, "12": 3.0, "13": 1.0, "14": 1.0, "15": 1.0, "16": 1.0}, "Pts Max": {"0": 1260, "1": 1260, "2": 1260, "3": 1260, "4": 1260, "5": 1260, "6": 1260, "7": 1260, "8": 1260, "9": 1260, "10": 1260, "11": 1260, "12": 1260, "13": 1260, "14": 1260, "15": 1260, "16": 1260}, "Share": {"0": 0.873, "1": 0.71, "2": 0.532, "3": 0.348, "4": 0.048, "5": 0.021, "6": 0.02, "7": 0.015, "8": 0.013999999999999999, "9": 0.006999999999999999, "10": 0.004, "11": 0.003, "12": 0.002, "13": 0.001, "14": 0.001, "15": 0.001, "16": 0.001}, "G": {"0": 82, "1": 80, "2": 71, "3": 75, "4": 82, "5": 79, "6": 78, "7": 66, "8": 81, "9": 74, "10": 77, "11": 82, "12": 77, "13": 81, "14": 79, "15": 80, "16": 77}, "MP": {"0": 38.9, "1": 37.6, "2": 32.8, "3": 40.4, "4": 37.7, "5": 33.9, "6": 34.0, "7": 37.0, "8": 34.3, "9": 31.1, "10": 36.0, "11": 37.3, "12": 36.4, "13": 34.9, "14": 38.7, "15": 35.9, "16": 30.5}, "PTS": {"0": 28.3, "1": 21.1, "2": 18.8, "3": 30.0, "4": 20.7, "5": 25.2, "6": 19.3, "7": 21.6, "8": 16.9, "9": 19.5, "10": 23.6, "11": 18.8, "12": 25.7, "13": 21.1, "14": 21.4, "15": 19.6, "16": 12.7}, "TRB": {"0": 6.3, "1": 4.0, "2": 9.2, "3": 7.9, "4": 14.2, "5": 9.1, "6": 11.3, "7": 5.1, "8": 3.5, "9": 4.8, "10": 8.6, "11": 3.0, "12": 7.4, "13": 10.4, "14": 10.2, "15": 5.1, "16": 6.6}, "AST": {"0": 5.4, "1": 11.6, "2": 3.4, "3": 7.2, "4": 1.3, "5": 1.5, "6": 2.8, "7": 5.9, "8": 11.1, "9": 4.5, "10": 3.5, "11": 10.5, "12": 3.4, "13": 2.9, "14": 1.5, "15": 4.5, "16": 1.8}, "STL": {"0": 1.8, "1": 2.7, "2": 1.4, "3": 1.8, "4": 0.9, "5": 0.8, "6": 0.7, "7": 1.0, "8": 0.7, "9": 1.5, "10": 0.7, "11": 1.1, "12": 1.3, "13": 1.2, "14": 1.3, "15": 1.3, "16": 1.2}, "BLK": {"0": 0.5, "1": 0.1, "2": 1.3, "3": 1.1, "4": 2.1, "5": 2.1, "6": 1.9, "7": 0.5, "8": 0.1, "9": 0.4, "10": 0.9, "11": 0.3, "12": 0.5, "13": 0.5, "14": 0.4, "15": 0.5, "16": 1.7}, "FG%": {"0": 0.45899999999999996, "1": 0.488, "2": 0.539, "3": 0.484, "4": 0.599, "5": 0.59, "6": 0.49700000000000005, "7": 0.419, "8": 0.504, "9": 0.46, "10": 0.479, "11": 0.507, "12": 0.49200000000000005, "13": 0.547, "14": 0.436, "15": 0.46399999999999997, "16": 0.43200000000000005}, "3P%": {"0": 0.361, "1": 0.369, "2": 0.0, "3": 0.315, "4": 0.0, "5": 0.161, "6": 0.0, "7": 0.292, "8": 0.47, "9": 0.401, "10": 0.359, "11": 0.395, "12": 0.354, "13": 0.0, "14": 0.33899999999999997, "15": 0.392, "16": 0.35600000000000004}, "FT%": {"0": 0.84, "1": 0.851, "2": 0.8009999999999999, "3": 0.7120000000000001, "4": 0.59, "5": 0.805, "6": 0.73, "7": 0.684, "8": 0.9059999999999999, "9": 0.86, "10": 0.879, "11": 0.8029999999999999, "12": 0.7859999999999999, "13": 0.738, "14": 0.76, "15": 0.843, "16": 0.767}, "WS": {"0": 13.8, "1": 17.8, "2": 12.9, "3": 15.2, "4": 12.9, "5": 14.6, "6": 11.1, "7": 5.8, "8": 10.5, "9": 11.1, "10": 12.9, "11": 11.3, "12": 8.2, "13": 10.2, "14": 9.2, "15": 12.4, "16": 7.6}, "WS/48": {"0": 0.20800000000000002, "1": 0.284, "2": 0.265, "3": 0.242, "4": 0.2, "5": 0.262, "6": 0.201, "7": 0.115, "8": 0.18100000000000002, "9": 0.23199999999999998, "10": 0.223, "11": 0.177, "12": 0.14, "13": 0.17300000000000001, "14": 0.14400000000000002, "15": 0.207, "16": 0.155}}