{"Rank": {"0": "1", "1": "2", "2": "3", "3": "4", "4": "5", "5": "6", "6": "7", "7": "8", "8": "9", "9": "10T", "10": "10T", "11": "12", "12": "13"}, "Player": {"0": "Derrick Rose", "1": "Dwight Howard", "2": "LeBron James", "3": "Kobe Bryant", "4": "Kevin Durant", "5": "Dirk Nowitzki", "6": "Dwyane Wade", "7": "Manu Gin\u00f3bili", "8": "Amar'e Stoudemire", "9": "Blake Griffin", "10": "Rajon Rondo", "11": "Tony Parker", "12": "Chris Paul"}, "Age": {"0": 22, "1": 25, "2": 26, "3": 32, "4": 22, "5": 32, "6": 29, "7": 33, "8": 28, "9": 21, "10": 24, "11": 28, "12": 25}, "Tm": {"0": "CHI", "1": "ORL", "2": "MIA", "3": "LAL", "4": "OKC", "5": "DAL", "6": "MIA", "7": "SAS", "8": "NYK", "9": "LAC", "10": "BOS", "11": "SAS", "12": "NOH"}, "First": {"0": 113.0, "1": 3.0, "2": 4.0, "3": 1.0, "4": 0.0, "5": 0.0, "6": 0.0, "7": 0.0, "8": 0.0, "9": 0.0, "10": 0.0, "11": 0.0, "12": 0.0}, "Pts Won": {"0": 1182.0, "1": 643.0, "2": 522.0, "3": 428.0, "4": 190.0, "5": 113.0, "6": 24.0, "7": 20.0, "8": 9.0, "9": 5.0, "10": 5.0, "11": 3.0, "12": 2.0}, "Pts Max": {"0": 1210, "1": 1210, "2": 1210, "3": 1210, "4": 1210, "5": 1210, "6": 1210, "7": 1210, "8": 1210, "9": 1210, "10": 1210, "11": 1210, "12": 1210}, "Share": {"0": 0.977, "1": 0.531, "2": 0.431, "3": 0.354, "4": 0.157, "5": 0.09300000000000001, "6": 0.02, "7": 0.017, "8": 0.006999999999999999, "9": 0.004, "10": 0.004, "11": 0.002, "12": 0.002}, "G": {"0": 81, "1": 78, "2": 79, "3": 82, "4": 78, "5": 73, "6": 76, "7": 80, "8": 78, "9": 82, "10": 68, "11": 78, "12": 80}, "MP": {"0": 37.4, "1": 37.6, "2": 38.8, "3": 33.9, "4": 38.9, "5": 34.3, "6": 37.1, "7": 30.3, "8": 36.8, "9": 38.0, "10": 37.2, "11": 32.4, "12": 36.0}, "PTS": {"0": 25.0, "1": 22.9, "2": 26.7, "3": 25.3, "4": 27.7, "5": 23.0, "6": 25.5, "7": 17.4, "8": 25.3, "9": 22.5, "10": 10.6, "11": 17.5, "12": 15.9}, "TRB": {"0": 4.1, "1": 14.1, "2": 7.5, "3": 5.1, "4": 6.8, "5": 7.0, "6": 6.4, "7": 3.7, "8": 8.2, "9": 12.1, "10": 4.4, "11": 3.1, "12": 4.1}, "AST": {"0": 7.7, "1": 1.4, "2": 7.0, "3": 4.7, "4": 2.7, "5": 2.6, "6": 4.6, "7": 4.9, "8": 2.6, "9": 3.8, "10": 11.2, "11": 6.6, "12": 9.8}, "STL": {"0": 1.0, "1": 1.4, "2": 1.6, "3": 1.2, "4": 1.1, "5": 0.5, "6": 1.5, "7": 1.5, "8": 0.9, "9": 0.8, "10": 2.3, "11": 1.2, "12": 2.4}, "BLK": {"0": 0.6, "1": 2.4, "2": 0.6, "3": 0.1, "4": 1.0, "5": 0.6, "6": 1.1, "7": 0.4, "8": 1.9, "9": 0.5, "10": 0.2, "11": 0.0, "12": 0.1}, "FG%": {"0": 0.445, "1": 0.593, "2": 0.51, "3": 0.451, "4": 0.462, "5": 0.517, "6": 0.5, "7": 0.433, "8": 0.502, "9": 0.506, "10": 0.475, "11": 0.519, "12": 0.46299999999999997}, "3P%": {"0": 0.332, "1": 0.0, "2": 0.33, "3": 0.32299999999999995, "4": 0.35, "5": 0.39299999999999996, "6": 0.306, "7": 0.349, "8": 0.435, "9": 0.292, "10": 0.233, "11": 0.35700000000000004, "12": 0.38799999999999996}, "FT%": {"0": 0.858, "1": 0.596, "2": 0.759, "3": 0.828, "4": 0.88, "5": 0.892, "6": 0.758, "7": 0.871, "8": 0.792, "9": 0.642, "10": 0.568, "11": 0.769, "12": 0.878}, "WS": {"0": 13.1, "1": 14.4, "2": 15.6, "3": 10.3, "4": 12.0, "5": 11.1, "6": 12.8, "7": 9.9, "8": 8.0, "9": 9.8, "10": 6.6, "11": 8.2, "12": 13.9}, "WS/48": {"0": 0.20800000000000002, "1": 0.235, "2": 0.244, "3": 0.17800000000000002, "4": 0.18899999999999997, "5": 0.213, "6": 0.218, "7": 0.195, "8": 0.134, "9": 0.152, "10": 0.126, "11": 0.156, "12": 0.23199999999999998}}