{"Rank": {"0": 1, "1": 2, "2": 3, "3": 4, "4": 5, "5": 6, "6": 7, "7": 8, "8": 9, "9": 10}, "Player": {"0": "Stephen Curry", "1": "Kawhi Leonard", "2": "LeBron James", "3": "Russell Westbrook", "4": "Kevin Durant", "5": "Chris Paul", "6": "Draymond Green", "7": "Damian Lillard", "8": "James Harden", "9": "Kyle Lowry"}, "Age": {"0": 27, "1": 24, "2": 31, "3": 27, "4": 27, "5": 30, "6": 25, "7": 25, "8": 26, "9": 29}, "Tm": {"0": "GSW", "1": "SAS", "2": "CLE", "3": "OKC", "4": "OKC", "5": "LAC", "6": "GSW", "7": "POR", "8": "HOU", "9": "TOR"}, "First": {"0": 131.0, "1": 0.0, "2": 0.0, "3": 0.0, "4": 0.0, "5": 0.0, "6": 0.0, "7": 0.0, "8": 0.0, "9": 0.0}, "Pts Won": {"0": 1310.0, "1": 634.0, "2": 631.0, "3": 486.0, "4": 147.0, "5": 107.0, "6": 50.0, "7": 26.0, "8": 9.0, "9": 6.0}, "Pts Max": {"0": 1310, "1": 1310, "2": 1310, "3": 1310, "4": 1310, "5": 1310, "6": 1310, "7": 1310, "8": 1310, "9": 1310}, "Share": {"0": 1.0, "1": 0.484, "2": 0.48200000000000004, "3": 0.371, "4": 0.11199999999999999, "5": 0.08199999999999999, "6": 0.038, "7": 0.02, "8": 0.006999999999999999, "9": 0.005}, "G": {"0": 79, "1": 72, "2": 76, "3": 80, "4": 72, "5": 74, "6": 81, "7": 75, "8": 82, "9": 77}, "MP": {"0": 34.2, "1": 33.1, "2": 35.6, "3": 34.4, "4": 35.8, "5": 32.7, "6": 34.7, "7": 35.7, "8": 38.1, "9": 37.0}, "PTS": {"0": 30.1, "1": 21.2, "2": 25.3, "3": 23.5, "4": 28.2, "5": 19.5, "6": 14.0, "7": 25.1, "8": 29.0, "9": 21.2}, "TRB": {"0": 5.4, "1": 6.8, "2": 7.4, "3": 7.8, "4": 8.2, "5": 4.2, "6": 9.5, "7": 4.0, "8": 6.1, "9": 4.7}, "AST": {"0": 6.7, "1": 2.6, "2": 6.8, "3": 10.4, "4": 5.0, "5": 10.0, "6": 7.4, "7": 6.8, "8": 7.5, "9": 6.4}, "STL": {"0": 2.1, "1": 1.8, "2": 1.4, "3": 2.0, "4": 1.0, "5": 2.1, "6": 1.5, "7": 0.9, "8": 1.7, "9": 2.1}, "BLK": {"0": 0.2, "1": 1.0, "2": 0.6, "3": 0.3, "4": 1.2, "5": 0.2, "6": 1.4, "7": 0.4, "8": 0.6, "9": 0.4}, "FG%": {"0": 0.504, "1": 0.506, "2": 0.52, "3": 0.45399999999999996, "4": 0.505, "5": 0.462, "6": 0.49, "7": 0.419, "8": 0.439, "9": 0.42700000000000005}, "3P%": {"0": 0.45399999999999996, "1": 0.44299999999999995, "2": 0.309, "3": 0.29600000000000004, "4": 0.387, "5": 0.371, "6": 0.38799999999999996, "7": 0.375, "8": 0.359, "9": 0.38799999999999996}, "FT%": {"0": 0.9079999999999999, "1": 0.8740000000000001, "2": 0.731, "3": 0.812, "4": 0.898, "5": 0.8959999999999999, "6": 0.696, "7": 0.892, "8": 0.86, "9": 0.8109999999999999}, "WS": {"0": 17.9, "1": 13.7, "2": 13.6, "3": 14.0, "4": 14.5, "5": 12.7, "6": 11.1, "7": 9.2, "8": 13.3, "9": 11.6}, "WS/48": {"0": 0.318, "1": 0.27699999999999997, "2": 0.242, "3": 0.245, "4": 0.27, "5": 0.253, "6": 0.19, "7": 0.165, "8": 0.204, "9": 0.196}}