{"Rank": {"0": "1", "1": "2", "2": "3", "3": "4", "4": "5", "5": "6", "6": "7", "7": "8T", "8": "8T", "9": "10", "10": "11", "11": "12T", "12": "12T", "13": "14"}, "Player": {"0": "Wilt Chamberlain", "1": "Bill Russell", "2": "Bob Pettit", "3": "Bob Cousy", "4": "Elgin Baylor", "5": "Jack Twyman", "6": "Gene Shue", "7": "Tom Gola", "8": "Dolph Schayes", "9": "Tom Heinsohn", "10": "Walter Dukes", "11": "Richie Guerin", "12": "Willie Naulls", "13": "Cliff Hagan"}, "Age": {"0": 23, "1": 25, "2": 27, "3": 31, "4": 25, "5": 25, "6": 28, "7": 27, "8": 31, "9": 25, "10": 29, "11": 27, "12": 25, "13": 28}, "Tm": {"0": "PHW", "1": "BOS", "2": "STL", "3": "BOS", "4": "MNL", "5": "CIN", "6": "DET", "7": "PHW", "8": "SYR", "9": "BOS", "10": "DET", "11": "NYK", "12": "NYK", "13": "STL"}, "First": {"0": 49.0, "1": 15.0, "2": 3.0, "3": 8.0, "4": 2.0, "5": 0.0, "6": 0.0, "7": 1.0, "8": 0.0, "9": 1.0, "10": 0.0, "11": 0.0, "12": 0.0, "13": 0.0}, "Pts Won": {"0": 270.0, "1": 186.0, "2": 106.0, "3": 66.0, "4": 40.0, "5": 8.0, "6": 7.0, "7": 6.0, "8": 6.0, "9": 5.0, "10": 4.0, "11": 3.0, "12": 3.0, "13": 1.0}, "Pts Max": {"0": 395, "1": 395, "2": 395, "3": 395, "4": 395, "5": 395, "6": 395, "7": 395, "8": 395, "9": 395, "10": 395, "11": 395, "12": 395, "13": 395}, "Share": {"0": 0.684, "1": 0.47100000000000003, "2": 0.268, "3": 0.16699999999999998, "4": 0.10099999999999999, "5": 0.02, "6": 0.018000000000000002, "7": 0.015, "8": 0.015, "9": 0.013000000000000001, "10": 0.01, "11": 0.008, "12": 0.008, "13": 0.003}, "G": {"0": 72, "1": 74, "2": 72, "3": 75, "4": 70, "5": 75, "6": 75, "7": 75, "8": 75, "9": 75, "10": 66, "11": 74, "12": 65, "13": 75}, "MP": {"0": 46.4, "1": 42.5, "2": 40.2, "3": 34.5, "4": 41.0, "5": 40.3, "6": 44.5, "7": 38.3, "8": 36.5, "9": 32.3, "10": 32.4, "11": 32.8, "12": 34.6, "13": 37.3}, "PTS": {"0": 37.6, "1": 18.2, "2": 26.1, "3": 19.4, "4": 29.6, "5": 31.2, "6": 22.8, "7": 15.0, "8": 22.5, "9": 21.7, "10": 15.2, "11": 21.8, "12": 21.4, "13": 24.8}, "TRB": {"0": 27.0, "1": 24.0, "2": 17.0, "3": 4.7, "4": 16.4, "5": 8.9, "6": 5.5, "7": 10.4, "8": 12.8, "9": 10.6, "10": 13.4, "11": 6.8, "12": 14.2, "13": 10.7}, "AST": {"0": 2.3, "1": 3.7, "2": 3.6, "3": 9.5, "4": 3.5, "5": 3.5, "6": 3.9, "7": 5.5, "8": 3.4, "9": 2.3, "10": 1.2, "11": 6.3, "12": 2.1, "13": 4.0}, "STL": {"0": NaN, "1": NaN, "2": NaN, "3": NaN, "4": NaN, "5": NaN, "6": NaN, "7": NaN, "8": NaN, "9": NaN, "10": NaN, "11": NaN, "12": NaN, "13": NaN}, "BLK": {"0": NaN, "1": NaN, "2": NaN, "3": NaN, "4": NaN, "5": NaN, "6": NaN, "7": NaN, "8": NaN, "9": NaN, "10": NaN, "11": NaN, "12": NaN, "13": NaN}, "FG%": {"0": 0.461, "1": 0.467, "2": 0.43799999999999994, "3": 0.384, "4": 0.424, "5": 0.42200000000000004, "6": 0.413, "7": 0.433, "8": 0.401, "9": 0.423, "10": 0.361, "11": 0.42, "12": 0.428, "13": 0.46399999999999997}, "3P%": {"0": NaN, "1": NaN, "2": NaN, "3": NaN, "4": NaN, "5": NaN, "6": NaN, "7": NaN, "8": NaN, "9": NaN, "10": NaN, "11": NaN, "12": NaN, "13": NaN}, "FT%": {"0": 0.5820000000000001, "1": 0.612, "2": 0.753, "3": 0.792, "4": 0.732, "5": 0.785, "6": 0.872, "7": 0.794, "8": 0.893, "9": 0.733, "10": 0.74, "11": 0.773, "12": 0.836, "13": 0.8029999999999999}, "WS": {"0": 17.0, "1": 13.8, "2": 11.5, "3": 7.8, "4": 11.5, "5": 8.3, "6": 8.5, "7": 9.9, "8": 9.5, "9": 7.7, "10": 3.9, "11": 7.4, "12": 5.3, "13": 11.8}, "WS/48": {"0": 0.245, "1": 0.21100000000000002, "2": 0.191, "3": 0.145, "4": 0.192, "5": 0.131, "6": 0.122, "7": 0.166, "8": 0.16699999999999998, "9": 0.154, "10": 0.087, "11": 0.146, "12": 0.113, "13": 0.203}}