{"Rank": {"0": 1, "1": 2, "2": 3, "3": 4, "4": 5, "5": 6, "6": 7, "7": 8, "8": 9, "9": 10, "10": 11, "11": 12, "12": 13, "13": 14, "14": 15}, "Player": {"0": "David Robinson", "1": "Shaquille O'Neal", "2": "Karl Malone", "3": "Patrick Ewing", "4": "Hakeem Olajuwon", "5": "Charles Barkley", "6": "Scottie Pippen", "7": "John Stockton", "8": "Gary Payton", "9": "Anfernee Hardaway", "10": "Michael Jordan", "11": "Dennis Rodman", "12": "Jason Kidd", "13": "Clyde Drexler", "14": "Cedric Ceballos"}, "Age": {"0": 29, "1": 22, "2": 31, "3": 32, "4": 32, "5": 31, "6": 29, "7": 32, "8": 26, "9": 23, "10": 31, "11": 33, "12": 21, "13": 32, "14": 25}, "Tm": {"0": "SAS", "1": "ORL", "2": "UTA", "3": "NYK", "4": "HOU", "5": "PHO", "6": "CHI", "7": "UTA", "8": "SEA", "9": "ORL", "10": "CHI", "11": "SAS", "12": "DAL", "13": "TOT", "14": "LAL"}, "First": {"0": 73.0, "1": 12.0, "2": 14.0, "3": 2.0, "4": 1.0, "5": 1.0, "6": 1.0, "7": 1.0, "8": 0.0, "9": 0.0, "10": 0.0, "11": 0.0, "12": 0.0, "13": 0.0, "14": 0.0}, "Pts Won": {"0": 901.0, "1": 605.0, "2": 532.0, "3": 230.0, "4": 147.0, "5": 96.0, "6": 83.0, "7": 47.0, "8": 34.0, "9": 23.0, "10": 12.0, "11": 9.0, "12": 7.0, "13": 3.0, "14": 1.0}, "Pts Max": {"0": 1050, "1": 1050, "2": 1050, "3": 1050, "4": 1050, "5": 1050, "6": 1050, "7": 1050, "8": 1050, "9": 1050, "10": 1050, "11": 1050, "12": 1050, "13": 1050, "14": 1050}, "Share": {"0": 0.858, "1": 0.5760000000000001, "2": 0.507, "3": 0.21899999999999997, "4": 0.14, "5": 0.091, "6": 0.079, "7": 0.045, "8": 0.032, "9": 0.022000000000000002, "10": 0.011000000000000001, "11": 0.009000000000000001, "12": 0.006999999999999999, "13": 0.003, "14": 0.001}, "G": {"0": 81, "1": 79, "2": 82, "3": 79, "4": 72, "5": 68, "6": 79, "7": 82, "8": 82, "9": 77, "10": 17, "11": 49, "12": 79, "13": 76, "14": 58}, "MP": {"0": 38.0, "1": 37.0, "2": 38.1, "3": 37.0, "4": 39.6, "5": 35.0, "6": 38.2, "7": 35.0, "8": 36.8, "9": 37.7, "10": 39.3, "11": 32.0, "12": 33.8, "13": 35.9, "14": 35.0}, "PTS": {"0": 27.6, "1": 29.3, "2": 26.7, "3": 23.9, "4": 27.8, "5": 23.0, "6": 21.4, "7": 14.7, "8": 20.6, "9": 20.9, "10": 26.9, "11": 7.1, "12": 11.7, "13": 21.8, "14": 21.7}, "TRB": {"0": 10.8, "1": 11.4, "2": 10.6, "3": 11.0, "4": 10.8, "5": 11.1, "6": 8.1, "7": 3.1, "8": 3.4, "9": 4.4, "10": 6.9, "11": 16.8, "12": 5.4, "13": 6.3, "14": 8.0}, "AST": {"0": 2.9, "1": 2.7, "2": 3.5, "3": 2.7, "4": 3.5, "5": 4.1, "6": 5.2, "7": 12.3, "8": 7.1, "9": 7.2, "10": 5.3, "11": 2.0, "12": 7.7, "13": 4.8, "14": 1.8}, "STL": {"0": 1.7, "1": 0.9, "2": 1.6, "3": 0.9, "4": 1.8, "5": 1.6, "6": 2.9, "7": 2.4, "8": 2.5, "9": 1.7, "10": 1.8, "11": 0.6, "12": 1.9, "13": 1.8, "14": 1.0}, "BLK": {"0": 3.2, "1": 2.4, "2": 1.0, "3": 2.0, "4": 3.4, "5": 0.7, "6": 1.1, "7": 0.3, "8": 0.2, "9": 0.3, "10": 0.8, "11": 0.5, "12": 0.3, "13": 0.6, "14": 0.3}, "FG%": {"0": 0.53, "1": 0.583, "2": 0.536, "3": 0.503, "4": 0.517, "5": 0.486, "6": 0.48, "7": 0.542, "8": 0.509, "9": 0.512, "10": 0.41100000000000003, "11": 0.5710000000000001, "12": 0.385, "13": 0.461, "14": 0.509}, "3P%": {"0": 0.3, "1": 0.0, "2": 0.268, "3": 0.28600000000000003, "4": 0.188, "5": 0.33799999999999997, "6": 0.345, "7": 0.449, "8": 0.302, "9": 0.349, "10": 0.5, "11": 0.0, "12": 0.272, "13": 0.36, "14": 0.397}, "FT%": {"0": 0.774, "1": 0.5329999999999999, "2": 0.742, "3": 0.75, "4": 0.7559999999999999, "5": 0.748, "6": 0.716, "7": 0.804, "8": 0.716, "9": 0.769, "10": 0.8009999999999999, "11": 0.6759999999999999, "12": 0.698, "13": 0.8240000000000001, "14": 0.716}, "WS": {"0": 17.5, "1": 14.0, "2": 13.8, "3": 9.6, "4": 10.7, "5": 10.6, "6": 11.8, "7": 13.9, "8": 11.7, "9": 10.7, "10": 2.3, "11": 5.8, "12": 3.7, "13": 11.7, "14": 5.2}, "WS/48": {"0": 0.273, "1": 0.23, "2": 0.212, "3": 0.157, "4": 0.18100000000000002, "5": 0.214, "6": 0.188, "7": 0.233, "8": 0.187, "9": 0.177, "10": 0.16699999999999998, "11": 0.17800000000000002, "12": 0.066, "13": 0.20600000000000002, "14": 0.12300000000000001}}