{"Rank": {"0": "1", "1": "2", "2": "3", "3": "4", "4": "5T", "5": "5T", "6": "5T", "7": "8", "8": "9"}, "Player": {"0": "Kareem Abdul-Jabbar", "1": "Julius Erving", "2": "George Gervin", "3": "Larry Bird", "4": "Tiny Archibald", "5": "Dennis Johnson", "6": "Dan Roundfield", "7": "Gus Williams", "8": "Moses Malone"}, "Age": {"0": 32, "1": 29, "2": 27, "3": 23, "4": 31, "5": 25, "6": 26, "7": 26, "8": 24}, "Tm": {"0": "LAL", "1": "PHI", "2": "SAS", "3": "BOS", "4": "BOS", "5": "SEA", "6": "ATL", "7": "SEA", "8": "HOU"}, "First": {"0": 147.0, "1": 31.5, "2": 19.0, "3": 15.0, "4": 2.0, "5": 2.0, "6": 2.0, "7": 1.5, "8": 1.0}, "Pts Won": {"0": 147.0, "1": 31.5, "2": 19.0, "3": 15.0, "4": 2.0, "5": 2.0, "6": 2.0, "7": 1.5, "8": 1.0}, "Pts Max": {"0": 221, "1": 221, "2": 221, "3": 221, "4": 221, "5": 221, "6": 221, "7": 221, "8": 221}, "Share": {"0": 0.665, "1": 0.14300000000000002, "2": 0.086, "3": 0.068, "4": 0.009000000000000001, "5": 0.009000000000000001, "6": 0.009000000000000001, "7": 0.006999999999999999, "8": 0.005}, "G": {"0": 82, "1": 78, "2": 78, "3": 82, "4": 80, "5": 81, "6": 81, "7": 82, "8": 82}, "MP": {"0": 38.3, "1": 36.1, "2": 37.6, "3": 36.0, "4": 35.8, "5": 36.3, "6": 32.0, "7": 36.2, "8": 38.3}, "PTS": {"0": 24.8, "1": 26.9, "2": 33.1, "3": 21.3, "4": 14.1, "5": 19.0, "6": 16.5, "7": 22.1, "8": 25.8}, "TRB": {"0": 10.8, "1": 7.4, "2": 5.2, "3": 10.4, "4": 2.5, "5": 5.1, "6": 10.3, "7": 3.4, "8": 14.5}, "AST": {"0": 4.5, "1": 4.6, "2": 2.6, "3": 4.5, "4": 8.4, "5": 4.1, "6": 2.3, "7": 4.8, "8": 1.8}, "STL": {"0": 1.0, "1": 2.2, "2": 1.4, "3": 1.7, "4": 1.3, "5": 1.8, "6": 1.2, "7": 2.4, "8": 1.0}, "BLK": {"0": 3.4, "1": 1.8, "2": 1.0, "3": 0.6, "4": 0.1, "5": 1.0, "6": 1.7, "7": 0.5, "8": 1.3}, "FG%": {"0": 0.604, "1": 0.519, "2": 0.528, "3": 0.474, "4": 0.48200000000000004, "5": 0.42200000000000004, "6": 0.499, "7": 0.48200000000000004, "8": 0.502}, "3P%": {"0": 0.0, "1": 0.2, "2": 0.314, "3": 0.406, "4": 0.222, "5": 0.207, "6": 0.0, "7": 0.19399999999999998, "8": 0.0}, "FT%": {"0": 0.765, "1": 0.787, "2": 0.852, "3": 0.836, "4": 0.83, "5": 0.78, "6": 0.71, "7": 0.7879999999999999, "8": 0.7190000000000001}, "WS": {"0": 14.8, "1": 12.5, "2": 10.6, "3": 11.2, "4": 8.9, "5": 7.4, "6": 9.1, "7": 11.6, "8": 11.9}, "WS/48": {"0": 0.22699999999999998, "1": 0.213, "2": 0.17300000000000001, "3": 0.182, "4": 0.14800000000000002, "5": 0.12, "6": 0.16899999999999998, "7": 0.187, "8": 0.183}}