{"Rank": {"0": "1", "1": "2", "2": "3", "3": "4", "4": "5", "5": "6", "6": "7", "7": "8", "8": "9T", "9": "9T", "10": "11T", "11": "11T", "12": "11T", "13": "11T", "14": "15T", "15": "15T", "16": "17T", "17": "17T", "18": "17T", "19": "17T"}, "Player": {"0": "Kareem Abdul-Jabbar", "1": "Bob McAdoo", "2": "Bob Lanier", "3": "Dave Cowens", "4": "Elvin Hayes", "5": "Walt Frazier", "6": "Rick Barry", "7": "Nate Thurmond", "8": "John Havlicek", "9": "Norm Van Lier", "10": "Dave Bing", "11": "Phil Chenier", "12": "Dave DeBusschere", "13": "Clifford Ray", "14": "Lucius Allen", "15": "Bob Love", "16": "Spencer Haywood", "17": "Clyde Lee", "18": "Pete Maravich", "19": "Rudy Tomjanovich"}, "Age": {"0": 26, "1": 22, "2": 25, "3": 25, "4": 28, "5": 28, "6": 29, "7": 32, "8": 33, "9": 26, "10": 30, "11": 23, "12": 33, "13": 25, "14": 26, "15": 31, "16": 24, "17": 29, "18": 26, "19": 25}, "Tm": {"0": "MIL", "1": "BUF", "2": "DET", "3": "BOS", "4": "CAP", "5": "NYK", "6": "GSW", "7": "GSW", "8": "BOS", "9": "CHI", "10": "DET", "11": "CAP", "12": "NYK", "13": "CHI", "14": "MIL", "15": "CHI", "16": "SEA", "17": "GSW", "18": "ATL", "19": "HOU"}, "First": {"0": 74.0, "1": 60.0, "2": 37.0, "3": 3.0, "4": 4.0, "5": 2.0, "6": 0.0, "7": 1.0, "8": 0.0, "9": 0.0, "10": 0.0, "11": 0.0, "12": 0.0, "13": 0.0, "14": 0.0, "15": 0.0, "16": 0.0, "17": 0.0, "18": 0.0, "19": 0.0}, "Pts Won": {"0": 528.0, "1": 451.0, "2": 395.0, "3": 91.0, "4": 74.0, "5": 24.0, "6": 10.0, "7": 8.0, "8": 5.0, "9": 5.0, "10": 3.0, "11": 3.0, "12": 3.0, "13": 3.0, "14": 2.0, "15": 2.0, "16": 1.0, "17": 1.0, "18": 1.0, "19": 1.0}, "Pts Max": {"0": 905, "1": 905, "2": 905, "3": 905, "4": 905, "5": 905, "6": 905, "7": 905, "8": 905, "9": 905, "10": 905, "11": 905, "12": 905, "13": 905, "14": 905, "15": 905, "16": 905, "17": 905, "18": 905, "19": 905}, "Share": {"0": 0.583, "1": 0.498, "2": 0.436, "3": 0.10099999999999999, "4": 0.08199999999999999, "5": 0.027000000000000003, "6": 0.011000000000000001, "7": 0.009000000000000001, "8": 0.006, "9": 0.006, "10": 0.003, "11": 0.003, "12": 0.003, "13": 0.003, "14": 0.002, "15": 0.002, "16": 0.001, "17": 0.001, "18": 0.001, "19": 0.001}, "G": {"0": 81, "1": 74, "2": 81, "3": 80, "4": 81, "5": 80, "6": 80, "7": 62, "8": 76, "9": 80, "10": 81, "11": 76, "12": 71, "13": 80, "14": 72, "15": 82, "16": 75, "17": 54, "18": 76, "19": 80}, "MP": {"0": 43.8, "1": 43.0, "2": 37.6, "3": 41.9, "4": 44.5, "5": 41.7, "6": 36.5, "7": 39.7, "8": 40.7, "9": 35.8, "10": 38.6, "11": 38.7, "12": 38.0, "13": 32.9, "14": 33.2, "15": 40.1, "16": 40.5, "17": 30.4, "18": 38.2, "19": 40.3}, "PTS": {"0": 27.0, "1": 30.6, "2": 22.5, "3": 19.0, "4": 21.4, "5": 20.5, "6": 25.1, "7": 13.0, "8": 22.6, "9": 14.3, "10": 18.8, "11": 21.9, "12": 18.1, "13": 9.3, "14": 17.6, "15": 21.8, "16": 23.5, "17": 5.9, "18": 27.7, "19": 24.5}, "TRB": {"0": 14.5, "1": 15.1, "2": 13.3, "3": 15.7, "4": 18.1, "5": 6.7, "6": 6.8, "7": 14.2, "8": 6.4, "9": 4.7, "10": 3.5, "11": 5.1, "12": 10.7, "13": 12.2, "14": 4.0, "15": 6.0, "16": 13.4, "17": 11.1, "18": 4.9, "19": 9.0}, "AST": {"0": 4.8, "1": 2.3, "2": 4.2, "3": 4.4, "4": 2.0, "5": 6.9, "6": 6.1, "7": 2.7, "8": 5.9, "9": 6.9, "10": 6.9, "11": 3.1, "12": 3.6, "13": 3.1, "14": 5.2, "15": 1.6, "16": 3.2, "17": 1.3, "18": 5.2, "19": 3.1}, "STL": {"0": 1.4, "1": 1.2, "2": 1.4, "3": 1.2, "4": 1.1, "5": 2.0, "6": 2.1, "7": 0.7, "8": 1.3, "9": 2.0, "10": 1.3, "11": 2.0, "12": 0.9, "13": 0.7, "14": 1.9, "15": 1.0, "16": 0.9, "17": 0.5, "18": 1.5, "19": 1.1}, "BLK": {"0": 3.5, "1": 3.3, "2": 3.0, "3": 1.3, "4": 3.0, "5": 0.2, "6": 0.5, "7": 2.9, "8": 0.4, "9": 0.1, "10": 0.2, "11": 0.9, "12": 0.5, "13": 2.2, "14": 0.3, "15": 0.3, "16": 1.4, "17": 0.3, "18": 0.2, "19": 0.8}, "FG%": {"0": 0.539, "1": 0.547, "2": 0.504, "3": 0.43700000000000006, "4": 0.423, "5": 0.47200000000000003, "6": 0.456, "7": 0.444, "8": 0.456, "9": 0.406, "10": 0.436, "11": 0.434, "12": 0.461, "13": 0.511, "14": 0.495, "15": 0.41700000000000004, "16": 0.457, "17": 0.45399999999999996, "18": 0.457, "19": 0.536}, "3P%": {"0": NaN, "1": NaN, "2": NaN, "3": NaN, "4": NaN, "5": NaN, "6": NaN, "7": NaN, "8": NaN, "9": NaN, "10": NaN, "11": NaN, "12": NaN, "13": NaN, "14": NaN, "15": NaN, "16": NaN, "17": NaN, "18": NaN, "19": NaN}, "FT%": {"0": 0.7020000000000001, "1": 0.7929999999999999, "2": 0.797, "3": 0.8320000000000001, "4": 0.721, "5": 0.838, "6": 0.899, "7": 0.6659999999999999, "8": 0.8320000000000001, "9": 0.778, "10": 0.813, "11": 0.82, "12": 0.7559999999999999, "13": 0.608, "14": 0.7879999999999999, "15": 0.818, "16": 0.8140000000000001, "17": 0.579, "18": 0.826, "19": 0.848}, "WS": {"0": 18.4, "1": 15.3, "2": 14.4, "3": 9.3, "4": 10.6, "5": 10.9, "6": 10.4, "7": 6.0, "8": 9.7, "9": 5.2, "10": 7.3, "11": 7.4, "12": 7.0, "13": 8.2, "14": 8.2, "15": 5.8, "16": 9.7, "17": 2.6, "18": 7.6, "19": 12.8}, "WS/48": {"0": 0.25, "1": 0.231, "2": 0.22699999999999998, "3": 0.134, "4": 0.142, "5": 0.157, "6": 0.172, "7": 0.11699999999999999, "8": 0.151, "9": 0.087, "10": 0.113, "11": 0.121, "12": 0.125, "13": 0.15, "14": 0.16399999999999998, "15": 0.084, "16": 0.153, "17": 0.076, "18": 0.125, "19": 0.191}}