{"Rank": {"0": "1", "1": "2", "2": "3", "3": "4", "4": "5", "5": "6", "6": "7", "7": "8", "8": "9", "9": "10", "10": "11", "11": "12T", "12": "12T", "13": "14", "14": "15T", "15": "15T", "16": "15T"}, "Player": {"0": "Magic Johnson", "1": "Michael Jordan", "2": "Larry Bird", "3": "Kevin McHale", "4": "Dominique Wilkins", "5": "Charles Barkley", "6": "Hakeem Olajuwon", "7": "Isiah Thomas", "8": "Fat Lever", "9": "Moses Malone", "10": "Steve Johnson", "11": "Karl Malone", "12": "Robert Parish", "13": "Alex English", "14": "Mark Aguirre", "15": "Rolando Blackman", "16": "Joe Barry Carroll"}, "Age": {"0": 27, "1": 23, "2": 30, "3": 29, "4": 27, "5": 23, "6": 24, "7": 25, "8": 26, "9": 31, "10": 29, "11": 23, "12": 33, "13": 33, "14": 27, "15": 27, "16": 28}, "Tm": {"0": "LAL", "1": "CHI", "2": "BOS", "3": "BOS", "4": "ATL", "5": "PHI", "6": "HOU", "7": "DET", "8": "DEN", "9": "WSB", "10": "POR", "11": "UTA", "12": "BOS", "13": "DEN", "14": "DAL", "15": "DAL", "16": "GSW"}, "First": {"0": 65.0, "1": 10.0, "2": 1.0, "3": 0.0, "4": 0.0, "5": 1.0, "6": 1.0, "7": 0.0, "8": 0.0, "9": 0.0, "10": 0.0, "11": 0.0, "12": 0.0, "13": 0.0, "14": 0.0, "15": 0.0, "16": 0.0}, "Pts Won": {"0": 733.0, "1": 449.0, "2": 271.0, "3": 254.0, "4": 128.0, "5": 113.0, "6": 28.0, "7": 17.0, "8": 11.0, "9": 9.0, "10": 4.0, "11": 3.0, "12": 3.0, "13": 2.0, "14": 1.0, "15": 1.0, "16": 1.0}, "Pts Max": {"0": 780, "1": 780, "2": 780, "3": 780, "4": 780, "5": 780, "6": 780, "7": 780, "8": 780, "9": 780, "10": 780, "11": 780, "12": 780, "13": 780, "14": 780, "15": 780, "16": 780}, "Share": {"0": 0.94, "1": 0.5760000000000001, "2": 0.34700000000000003, "3": 0.326, "4": 0.16399999999999998, "5": 0.145, "6": 0.036000000000000004, "7": 0.022000000000000002, "8": 0.013999999999999999, "9": 0.012, "10": 0.005, "11": 0.004, "12": 0.004, "13": 0.003, "14": 0.001, "15": 0.001, "16": 0.001}, "G": {"0": 80, "1": 82, "2": 74, "3": 77, "4": 79, "5": 68, "6": 75, "7": 81, "8": 82, "9": 73, "10": 79, "11": 82, "12": 80, "13": 82, "14": 80, "15": 80, "16": 81}, "MP": {"0": 36.3, "1": 40.0, "2": 40.6, "3": 39.7, "4": 37.6, "5": 40.3, "6": 36.8, "7": 37.2, "8": 37.2, "9": 34.1, "10": 29.7, "11": 34.8, "12": 37.4, "13": 37.6, "14": 33.3, "15": 34.5, "16": 33.6}, "PTS": {"0": 23.9, "1": 37.1, "2": 28.1, "3": 26.1, "4": 29.0, "5": 23.0, "6": 23.4, "7": 20.6, "8": 18.9, "9": 24.1, "10": 16.8, "11": 21.7, "12": 17.5, "13": 28.6, "14": 25.7, "15": 21.0, "16": 21.2}, "TRB": {"0": 6.3, "1": 5.2, "2": 9.2, "3": 9.9, "4": 6.3, "5": 14.6, "6": 11.4, "7": 3.9, "8": 8.9, "9": 11.3, "10": 7.2, "11": 10.4, "12": 10.6, "13": 4.2, "14": 5.3, "15": 3.5, "16": 7.3}, "AST": {"0": 12.2, "1": 4.6, "2": 7.6, "3": 2.6, "4": 3.3, "5": 4.9, "6": 2.9, "7": 10.0, "8": 8.0, "9": 1.6, "10": 2.0, "11": 1.9, "12": 2.2, "13": 5.1, "14": 3.2, "15": 3.3, "16": 2.6}, "STL": {"0": 1.7, "1": 2.9, "2": 1.8, "3": 0.5, "4": 1.5, "5": 1.8, "6": 1.9, "7": 1.9, "8": 2.5, "9": 0.8, "10": 0.6, "11": 1.3, "12": 0.8, "13": 0.9, "14": 1.1, "15": 0.8, "16": 1.1}, "BLK": {"0": 0.5, "1": 1.5, "2": 0.9, "3": 2.2, "4": 0.6, "5": 1.5, "6": 3.4, "7": 0.2, "8": 0.4, "9": 1.3, "10": 1.0, "11": 0.7, "12": 1.8, "13": 0.3, "14": 0.4, "15": 0.3, "16": 1.5}, "FG%": {"0": 0.522, "1": 0.48200000000000004, "2": 0.525, "3": 0.604, "4": 0.46299999999999997, "5": 0.594, "6": 0.508, "7": 0.46299999999999997, "8": 0.469, "9": 0.45399999999999996, "10": 0.556, "11": 0.512, "12": 0.556, "13": 0.503, "14": 0.495, "15": 0.495, "16": 0.47200000000000003}, "3P%": {"0": 0.205, "1": 0.182, "2": 0.4, "3": 0.0, "4": 0.292, "5": 0.20199999999999999, "6": 0.2, "7": 0.19399999999999998, "8": 0.239, "9": 0.0, "10": NaN, "11": 0.0, "12": 0.0, "13": 0.267, "14": 0.353, "15": 0.33299999999999996, "16": NaN}, "FT%": {"0": 0.848, "1": 0.857, "2": 0.91, "3": 0.836, "4": 0.818, "5": 0.7609999999999999, "6": 0.7020000000000001, "7": 0.768, "8": 0.782, "9": 0.8240000000000001, "10": 0.698, "11": 0.598, "12": 0.735, "13": 0.8440000000000001, "14": 0.77, "15": 0.884, "16": 0.787}, "WS": {"0": 15.9, "1": 16.9, "2": 15.2, "3": 14.8, "4": 12.2, "5": 12.0, "6": 10.9, "7": 7.6, "8": 9.7, "9": 9.4, "10": 4.4, "11": 6.9, "12": 9.2, "13": 8.1, "14": 8.9, "15": 8.0, "16": 4.6}, "WS/48": {"0": 0.263, "1": 0.247, "2": 0.243, "3": 0.23199999999999998, "4": 0.19699999999999998, "5": 0.21, "6": 0.18899999999999997, "7": 0.121, "8": 0.153, "9": 0.182, "10": 0.091, "11": 0.11599999999999999, "12": 0.147, "13": 0.126, "14": 0.16, "15": 0.14, "16": 0.08199999999999999}}