{"Rank": {"0": "1", "1": "2", "2": "3", "3": "4", "4": "5", "5": "6", "6": "7", "7": "8", "8": "9", "9": "10", "10": "11", "11": "12T", "12": "12T", "13": "14", "14": "15", "15": "16", "16": "17"}, "Player": {"0": "Kevin Durant", "1": "LeBron James", "2": "Blake Griffin", "3": "Joakim Noah", "4": "James Harden", "5": "Stephen Curry", "6": "Chris Paul", "7": "Al Jefferson", "8": "Paul George", "9": "LaMarcus Aldridge", "10": "Kevin Love", "11": "Tim Duncan", "12": "Tony Parker", "13": "Dirk Nowitzki", "14": "Carmelo Anthony", "15": "Goran Dragi\u0107", "16": "Mike Conley"}, "Age": {"0": 25, "1": 29, "2": 24, "3": 28, "4": 24, "5": 25, "6": 28, "7": 29, "8": 23, "9": 28, "10": 25, "11": 37, "12": 31, "13": 35, "14": 29, "15": 27, "16": 26}, "Tm": {"0": "OKC", "1": "MIA", "2": "LAC", "3": "CHI", "4": "HOU", "5": "GSW", "6": "LAC", "7": "CHA", "8": "IND", "9": "POR", "10": "MIN", "11": "SAS", "12": "SAS", "13": "DAL", "14": "NYK", "15": "PHO", "16": "MEM"}, "First": {"0": 119.0, "1": 6.0, "2": 0.0, "3": 0.0, "4": 0.0, "5": 0.0, "6": 0.0, "7": 0.0, "8": 0.0, "9": 0.0, "10": 0.0, "11": 0.0, "12": 0.0, "13": 0.0, "14": 0.0, "15": 0.0, "16": 0.0}, "Pts Won": {"0": 1232.0, "1": 891.0, "2": 434.0, "3": 322.0, "4": 85.0, "5": 66.0, "6": 45.0, "7": 34.0, "8": 33.0, "9": 26.0, "10": 25.0, "11": 21.0, "12": 21.0, "13": 7.0, "14": 4.0, "15": 3.0, "16": 1.0}, "Pts Max": {"0": 1250, "1": 1250, "2": 1250, "3": 1250, "4": 1250, "5": 1250, "6": 1250, "7": 1250, "8": 1250, "9": 1250, "10": 1250, "11": 1250, "12": 1250, "13": 1250, "14": 1250, "15": 1250, "16": 1250}, "Share": {"0": 0.986, "1": 0.713, "2": 0.34700000000000003, "3": 0.258, "4": 0.068, "5": 0.053, "6": 0.036000000000000004, "7": 0.027000000000000003, "8": 0.026000000000000002, "9": 0.021, "10": 0.02, "11": 0.017, "12": 0.017, "13": 0.006, "14": 0.003, "15": 0.002, "16": 0.001}, "G": {"0": 81, "1": 77, "2": 80, "3": 80, "4": 73, "5": 78, "6": 62, "7": 73, "8": 80, "9": 69, "10": 77, "11": 74, "12": 68, "13": 80, "14": 77, "15": 76, "16": 73}, "MP": {"0": 38.5, "1": 37.7, "2": 35.8, "3": 35.3, "4": 38.0, "5": 36.5, "6": 35.0, "7": 35.0, "8": 36.2, "9": 36.2, "10": 36.3, "11": 29.2, "12": 29.4, "13": 32.9, "14": 38.7, "15": 35.1, "16": 33.5}, "PTS": {"0": 32.0, "1": 27.1, "2": 24.1, "3": 12.6, "4": 25.4, "5": 24.0, "6": 19.1, "7": 21.8, "8": 21.7, "9": 23.2, "10": 26.1, "11": 15.1, "12": 16.7, "13": 21.7, "14": 27.4, "15": 20.3, "16": 17.2}, "TRB": {"0": 7.4, "1": 6.9, "2": 9.5, "3": 11.3, "4": 4.7, "5": 4.3, "6": 4.3, "7": 10.8, "8": 6.8, "9": 11.1, "10": 12.5, "11": 9.7, "12": 2.3, "13": 6.2, "14": 8.1, "15": 3.2, "16": 2.9}, "AST": {"0": 5.5, "1": 6.3, "2": 3.9, "3": 5.4, "4": 6.1, "5": 8.5, "6": 10.7, "7": 2.1, "8": 3.5, "9": 2.6, "10": 4.4, "11": 3.0, "12": 5.7, "13": 2.7, "14": 3.1, "15": 5.9, "16": 6.0}, "STL": {"0": 1.3, "1": 1.6, "2": 1.2, "3": 1.2, "4": 1.6, "5": 1.6, "6": 2.5, "7": 0.9, "8": 1.9, "9": 0.9, "10": 0.8, "11": 0.6, "12": 0.5, "13": 0.9, "14": 1.2, "15": 1.4, "16": 1.5}, "BLK": {"0": 0.7, "1": 0.3, "2": 0.6, "3": 1.5, "4": 0.4, "5": 0.2, "6": 0.1, "7": 1.1, "8": 0.3, "9": 1.0, "10": 0.5, "11": 1.9, "12": 0.1, "13": 0.6, "14": 0.7, "15": 0.3, "16": 0.2}, "FG%": {"0": 0.503, "1": 0.5670000000000001, "2": 0.528, "3": 0.475, "4": 0.456, "5": 0.47100000000000003, "6": 0.467, "7": 0.509, "8": 0.424, "9": 0.45799999999999996, "10": 0.457, "11": 0.49, "12": 0.499, "13": 0.49700000000000005, "14": 0.452, "15": 0.505, "16": 0.45}, "3P%": {"0": 0.391, "1": 0.379, "2": 0.273, "3": 0.0, "4": 0.366, "5": 0.424, "6": 0.368, "7": 0.2, "8": 0.364, "9": 0.2, "10": 0.376, "11": 0.0, "12": 0.373, "13": 0.39799999999999996, "14": 0.402, "15": 0.408, "16": 0.361}, "FT%": {"0": 0.873, "1": 0.75, "2": 0.715, "3": 0.737, "4": 0.866, "5": 0.885, "6": 0.855, "7": 0.69, "8": 0.8640000000000001, "9": 0.8220000000000001, "10": 0.821, "11": 0.731, "12": 0.8109999999999999, "13": 0.899, "14": 0.848, "15": 0.76, "16": 0.815}, "WS": {"0": 19.2, "1": 15.9, "2": 12.2, "3": 11.2, "4": 12.8, "5": 13.4, "6": 12.2, "7": 7.8, "8": 10.8, "9": 7.5, "10": 14.3, "11": 7.4, "12": 5.9, "13": 10.9, "14": 10.7, "15": 10.3, "16": 8.2}, "WS/48": {"0": 0.295, "1": 0.264, "2": 0.205, "3": 0.19, "4": 0.221, "5": 0.225, "6": 0.27, "7": 0.146, "8": 0.17800000000000002, "9": 0.14400000000000002, "10": 0.245, "11": 0.16399999999999998, "12": 0.141, "13": 0.19899999999999998, "14": 0.172, "15": 0.18600000000000003, "16": 0.161}}