{"Rank": {"0": 1, "1": 2, "2": 3, "3": 4, "4": 5}, "Player": {"0": "Wilt Chamberlain", "1": "Nate Thurmond", "2": "Bill Russell", "3": "Oscar Robertson", "4": "Rick Barry"}, "Age": {"0": 30, "1": 25, "2": 32, "3": 28, "4": 22}, "Tm": {"0": "PHI", "1": "SFW", "2": "BOS", "3": "CIN", "4": "SFW"}, "First": {"0": 80.0, "1": 15.0, "2": 5.0, "3": 3.0, "4": 2.0}, "Pts Won": {"0": 444.0, "1": 170.0, "2": 96.0, "3": 93.0, "4": 52.0}, "Pts Max": {"0": 540, "1": 540, "2": 540, "3": 540, "4": 540}, "Share": {"0": 0.8220000000000001, "1": 0.315, "2": 0.17800000000000002, "3": 0.172, "4": 0.096}, "G": {"0": 81, "1": 65, "2": 81, "3": 79, "4": 78}, "MP": {"0": 45.5, "1": 42.5, "2": 40.7, "3": 43.9, "4": 40.7}, "PTS": {"0": 24.1, "1": 18.7, "2": 13.3, "3": 30.5, "4": 35.6}, "TRB": {"0": 24.2, "1": 21.3, "2": 21.0, "3": 6.2, "4": 9.2}, "AST": {"0": 7.8, "1": 2.6, "2": 5.8, "3": 10.7, "4": 3.6}, "STL": {"0": NaN, "1": NaN, "2": NaN, "3": NaN, "4": NaN}, "BLK": {"0": NaN, "1": NaN, "2": NaN, "3": NaN, "4": NaN}, "FG%": {"0": 0.6829999999999999, "1": 0.43700000000000006, "2": 0.45399999999999996, "3": 0.493, "4": 0.451}, "3P%": {"0": NaN, "1": NaN, "2": NaN, "3": NaN, "4": NaN}, "FT%": {"0": 0.441, "1": 0.629, "2": 0.61, "3": 0.873, "4": 0.884}, "WS": {"0": 21.9, "1": 7.2, "2": 12.2, "3": 17.4, "4": 14.4}, "WS/48": {"0": 0.285, "1": 0.125, "2": 0.17800000000000002, "3": 0.24100000000000002, "4": 0.218}}