{"Rank": {"0": "1", "1": "2", "2": "3", "3": "4", "4": "5", "5": "6T", "6": "6T", "7": "6T", "8": "9T", "9": "9T", "10": "9T"}, "Player": {"0": "Oscar Robertson", "1": "Wilt Chamberlain", "2": "Bill Russell", "3": "Bob Pettit", "4": "Jerry West", "5": "Elgin Baylor", "6": "Hal Greer", "7": "Gus Johnson", "8": "Wayne Embry", "9": "Sam Jones", "10": "Jerry Lucas"}, "Age": {"0": 25, "1": 27, "2": 29, "3": 31, "4": 25, "5": 29, "6": 27, "7": 25, "8": 26, "9": 30, "10": 23}, "Tm": {"0": "CIN", "1": "SFW", "2": "BOS", "3": "STL", "4": "LAL", "5": "LAL", "6": "PHI", "7": "BAL", "8": "CIN", "9": "BOS", "10": "CIN"}, "First": {"0": 60.0, "1": 19.0, "2": 11.0, "3": 4.0, "4": 2.0, "5": 0.0, "6": 0.0, "7": 0.0, "8": 0.0, "9": 0.0, "10": 0.0}, "Pts Won": {"0": 362.0, "1": 215.0, "2": 167.0, "3": 69.0, "4": 39.0, "5": 3.0, "6": 3.0, "7": 3.0, "8": 1.0, "9": 1.0, "10": 1.0}, "Pts Max": {"0": 480, "1": 480, "2": 480, "3": 480, "4": 480, "5": 480, "6": 480, "7": 480, "8": 480, "9": 480, "10": 480}, "Share": {"0": 0.754, "1": 0.44799999999999995, "2": 0.348, "3": 0.14400000000000002, "4": 0.081, "5": 0.006, "6": 0.006, "7": 0.006, "8": 0.002, "9": 0.002, "10": 0.002}, "G": {"0": 79, "1": 80, "2": 78, "3": 80, "4": 72, "5": 78, "6": 80, "7": 78, "8": 80, "9": 76, "10": 79}, "MP": {"0": 45.1, "1": 46.1, "2": 44.6, "3": 41.2, "4": 40.4, "5": 40.6, "6": 39.5, "7": 36.5, "8": 36.4, "9": 31.3, "10": 41.4}, "PTS": {"0": 31.4, "1": 36.9, "2": 15.0, "3": 27.4, "4": 28.7, "5": 25.4, "6": 23.3, "7": 17.3, "8": 17.3, "9": 19.4, "10": 17.7}, "TRB": {"0": 9.9, "1": 22.3, "2": 24.7, "3": 15.3, "4": 6.0, "5": 12.0, "6": 6.1, "7": 13.6, "8": 11.6, "9": 4.6, "10": 17.4}, "AST": {"0": 11.0, "1": 5.0, "2": 4.7, "3": 3.2, "4": 5.6, "5": 4.4, "6": 4.7, "7": 2.2, "8": 1.4, "9": 2.7, "10": 2.6}, "STL": {"0": NaN, "1": NaN, "2": NaN, "3": NaN, "4": NaN, "5": NaN, "6": NaN, "7": NaN, "8": NaN, "9": NaN, "10": NaN}, "BLK": {"0": NaN, "1": NaN, "2": NaN, "3": NaN, "4": NaN, "5": NaN, "6": NaN, "7": NaN, "8": NaN, "9": NaN, "10": NaN}, "FG%": {"0": 0.483, "1": 0.524, "2": 0.433, "3": 0.46299999999999997, "4": 0.484, "5": 0.425, "6": 0.444, "7": 0.43, "8": 0.45799999999999996, "9": 0.45, "10": 0.527}, "3P%": {"0": NaN, "1": NaN, "2": NaN, "3": NaN, "4": NaN, "5": NaN, "6": NaN, "7": NaN, "8": NaN, "9": NaN, "10": NaN}, "FT%": {"0": 0.853, "1": 0.531, "2": 0.55, "3": 0.789, "4": 0.8320000000000001, "5": 0.804, "6": 0.8290000000000001, "7": 0.6579999999999999, "8": 0.65, "9": 0.7829999999999999, "10": 0.779}, "WS": {"0": 20.6, "1": 25.0, "2": 17.3, "3": 14.9, "4": 14.0, "5": 7.2, "6": 8.1, "7": 3.5, "8": 6.3, "9": 8.9, "10": 12.7}, "WS/48": {"0": 0.278, "1": 0.325, "2": 0.23800000000000002, "3": 0.217, "4": 0.23199999999999998, "5": 0.109, "6": 0.124, "7": 0.06, "8": 0.10400000000000001, "9": 0.18, "10": 0.187}}