{"Rank": {"0": 1, "1": 2, "2": 3, "3": 4, "4": 5, "5": 6, "6": 7, "7": 8, "8": 9, "9": 10, "10": 11, "11": 12}, "Player": {"0": "LeBron James", "1": "Kobe Bryant", "2": "Dwyane Wade", "3": "Dwight Howard", "4": "Chris Paul", "5": "Chauncey Billups", "6": "Paul Pierce", "7": "Tony Parker", "8": "Brandon Roy", "9": "Dirk Nowitzki", "10": "Tim Duncan", "11": "Yao Ming"}, "Age": {"0": 24, "1": 30, "2": 27, "3": 23, "4": 23, "5": 32, "6": 31, "7": 26, "8": 24, "9": 30, "10": 32, "11": 28}, "Tm": {"0": "CLE", "1": "LAL", "2": "MIA", "3": "ORL", "4": "NOH", "5": "TOT", "6": "BOS", "7": "SAS", "8": "POR", "9": "DAL", "10": "SAS", "11": "HOU"}, "First": {"0": 109.0, "1": 2.0, "2": 7.0, "3": 1.0, "4": 2.0, "5": 0.0, "6": 0.0, "7": 0.0, "8": 0.0, "9": 0.0, "10": 0.0, "11": 0.0}, "Pts Won": {"0": 1172.0, "1": 698.0, "2": 680.0, "3": 328.0, "4": 192.0, "5": 33.0, "6": 21.0, "7": 9.0, "8": 7.0, "9": 3.0, "10": 2.0, "11": 1.0}, "Pts Max": {"0": 1210, "1": 1210, "2": 1210, "3": 1210, "4": 1210, "5": 1210, "6": 1210, "7": 1210, "8": 1210, "9": 1210, "10": 1210, "11": 1210}, "Share": {"0": 0.9690000000000001, "1": 0.5770000000000001, "2": 0.562, "3": 0.271, "4": 0.159, "5": 0.027000000000000003, "6": 0.017, "7": 0.006999999999999999, "8": 0.006, "9": 0.002, "10": 0.002, "11": 0.001}, "G": {"0": 81, "1": 82, "2": 79, "3": 79, "4": 78, "5": 79, "6": 81, "7": 72, "8": 78, "9": 81, "10": 75, "11": 77}, "MP": {"0": 37.7, "1": 36.1, "2": 38.6, "3": 35.7, "4": 38.5, "5": 35.3, "6": 37.5, "7": 34.1, "8": 37.2, "9": 37.7, "10": 33.7, "11": 33.6}, "PTS": {"0": 28.4, "1": 26.8, "2": 30.2, "3": 20.6, "4": 22.8, "5": 17.7, "6": 20.5, "7": 22.0, "8": 22.6, "9": 25.9, "10": 19.3, "11": 19.7}, "TRB": {"0": 7.6, "1": 5.2, "2": 5.0, "3": 13.8, "4": 5.5, "5": 3.0, "6": 5.6, "7": 3.1, "8": 4.7, "9": 8.4, "10": 10.7, "11": 9.9}, "AST": {"0": 7.2, "1": 4.9, "2": 7.5, "3": 1.4, "4": 11.0, "5": 6.4, "6": 3.6, "7": 6.9, "8": 5.1, "9": 2.4, "10": 3.5, "11": 1.8}, "STL": {"0": 1.7, "1": 1.5, "2": 2.2, "3": 1.0, "4": 2.8, "5": 1.2, "6": 1.0, "7": 0.9, "8": 1.1, "9": 0.8, "10": 0.5, "11": 0.4}, "BLK": {"0": 1.1, "1": 0.5, "2": 1.3, "3": 2.9, "4": 0.1, "5": 0.2, "6": 0.3, "7": 0.1, "8": 0.3, "9": 0.8, "10": 1.7, "11": 1.9}, "FG%": {"0": 0.489, "1": 0.467, "2": 0.491, "3": 0.5720000000000001, "4": 0.503, "5": 0.418, "6": 0.457, "7": 0.506, "8": 0.48, "9": 0.479, "10": 0.504, "11": 0.5479999999999999}, "3P%": {"0": 0.344, "1": 0.35100000000000003, "2": 0.317, "3": 0.0, "4": 0.364, "5": 0.408, "6": 0.391, "7": 0.292, "8": 0.377, "9": 0.359, "10": 0.0, "11": 1.0}, "FT%": {"0": 0.78, "1": 0.856, "2": 0.765, "3": 0.594, "4": 0.868, "5": 0.9129999999999999, "6": 0.83, "7": 0.782, "8": 0.8240000000000001, "9": 0.89, "10": 0.6920000000000001, "11": 0.866}, "WS": {"0": 20.3, "1": 12.7, "2": 14.7, "3": 13.8, "4": 18.3, "5": 10.1, "6": 10.3, "7": 8.6, "8": 13.5, "9": 10.9, "10": 10.1, "11": 10.6}, "WS/48": {"0": 0.318, "1": 0.20600000000000002, "2": 0.23199999999999998, "3": 0.23399999999999999, "4": 0.292, "5": 0.174, "6": 0.16399999999999998, "7": 0.168, "8": 0.223, "9": 0.171, "10": 0.191, "11": 0.196}}