{"Rank": {"0": "1", "1": "2", "2": "3", "3": "4", "4": "5", "5": "6", "6": "7", "7": "8", "8": "9", "9": "10T", "10": "10T", "11": "10T", "12": "13", "13": "14T", "14": "14T", "15": "14T"}, "Player": {"0": "Kevin Garnett", "1": "Tim Duncan", "2": "Jermaine O'Neal", "3": "Peja Stojakovi\u0107", "4": "Kobe Bryant", "5": "Shaquille O'Neal", "6": "Ben Wallace", "7": "Jason Kidd", "8": "LeBron James", "9": "Sam Cassell", "10": "Baron Davis", "11": "Dirk Nowitzki", "12": "Andrei Kirilenko", "13": "Carmelo Anthony", "14": "Yao Ming", "15": "Michael Redd"}, "Age": {"0": 27, "1": 27, "2": 25, "3": 26, "4": 25, "5": 31, "6": 29, "7": 30, "8": 19, "9": 34, "10": 24, "11": 25, "12": 22, "13": 19, "14": 23, "15": 24}, "Tm": {"0": "MIN", "1": "SAS", "2": "IND", "3": "SAC", "4": "LAL", "5": "LAL", "6": "DET", "7": "NJN", "8": "CLE", "9": "MIN", "10": "NOH", "11": "DAL", "12": "UTA", "13": "DEN", "14": "HOU", "15": "MIL"}, "First": {"0": 120.0, "1": 0.0, "2": 2.0, "3": 1.0, "4": 0.0, "5": 0.0, "6": 0.0, "7": 0.0, "8": 0.0, "9": 0.0, "10": 0.0, "11": 0.0, "12": 0.0, "13": 0.0, "14": 0.0, "15": 0.0}, "Pts Won": {"0": 1219.0, "1": 716.0, "2": 523.0, "3": 281.0, "4": 212.0, "5": 178.0, "6": 24.0, "7": 17.0, "8": 11.0, "9": 4.0, "10": 4.0, "11": 4.0, "12": 2.0, "13": 1.0, "14": 1.0, "15": 1.0}, "Pts Max": {"0": 1230, "1": 1230, "2": 1230, "3": 1230, "4": 1230, "5": 1230, "6": 1230, "7": 1230, "8": 1230, "9": 1230, "10": 1230, "11": 1230, "12": 1230, "13": 1230, "14": 1230, "15": 1230}, "Share": {"0": 0.991, "1": 0.5820000000000001, "2": 0.425, "3": 0.228, "4": 0.172, "5": 0.145, "6": 0.02, "7": 0.013999999999999999, "8": 0.009000000000000001, "9": 0.003, "10": 0.003, "11": 0.003, "12": 0.002, "13": 0.001, "14": 0.001, "15": 0.001}, "G": {"0": 82, "1": 69, "2": 78, "3": 81, "4": 65, "5": 67, "6": 81, "7": 67, "8": 79, "9": 81, "10": 67, "11": 77, "12": 78, "13": 82, "14": 82, "15": 82}, "MP": {"0": 39.4, "1": 36.6, "2": 35.7, "3": 40.3, "4": 37.6, "5": 36.8, "6": 37.7, "7": 36.6, "8": 39.5, "9": 35.0, "10": 40.1, "11": 37.9, "12": 37.1, "13": 36.5, "14": 32.8, "15": 36.8}, "PTS": {"0": 24.2, "1": 22.3, "2": 20.1, "3": 24.2, "4": 24.0, "5": 21.5, "6": 9.5, "7": 15.5, "8": 20.9, "9": 19.8, "10": 22.9, "11": 21.8, "12": 16.5, "13": 21.0, "14": 17.5, "15": 21.7}, "TRB": {"0": 13.9, "1": 12.4, "2": 10.0, "3": 6.3, "4": 5.5, "5": 11.5, "6": 12.4, "7": 6.4, "8": 5.5, "9": 3.3, "10": 4.3, "11": 8.7, "12": 8.1, "13": 6.1, "14": 9.0, "15": 5.0}, "AST": {"0": 5.0, "1": 3.1, "2": 2.1, "3": 2.1, "4": 5.1, "5": 2.9, "6": 1.7, "7": 9.2, "8": 5.9, "9": 7.3, "10": 7.5, "11": 2.7, "12": 3.1, "13": 2.8, "14": 1.5, "15": 2.3}, "STL": {"0": 1.5, "1": 0.9, "2": 0.8, "3": 1.3, "4": 1.7, "5": 0.5, "6": 1.8, "7": 1.8, "8": 1.6, "9": 1.3, "10": 2.4, "11": 1.2, "12": 1.9, "13": 1.2, "14": 0.3, "15": 1.0}, "BLK": {"0": 2.2, "1": 2.7, "2": 2.6, "3": 0.2, "4": 0.4, "5": 2.5, "6": 3.0, "7": 0.2, "8": 0.7, "9": 0.2, "10": 0.4, "11": 1.4, "12": 2.8, "13": 0.5, "14": 1.9, "15": 0.1}, "FG%": {"0": 0.499, "1": 0.501, "2": 0.434, "3": 0.48, "4": 0.43799999999999994, "5": 0.584, "6": 0.42100000000000004, "7": 0.384, "8": 0.41700000000000004, "9": 0.488, "10": 0.395, "11": 0.462, "12": 0.44299999999999995, "13": 0.426, "14": 0.522, "15": 0.44}, "3P%": {"0": 0.256, "1": 0.16699999999999998, "2": 0.111, "3": 0.433, "4": 0.327, "5": NaN, "6": 0.125, "7": 0.321, "8": 0.29, "9": 0.39799999999999996, "10": 0.321, "11": 0.341, "12": 0.33799999999999997, "13": 0.322, "14": 0.0, "15": 0.35}, "FT%": {"0": 0.7909999999999999, "1": 0.599, "2": 0.757, "3": 0.927, "4": 0.852, "5": 0.49, "6": 0.49, "7": 0.8270000000000001, "8": 0.754, "9": 0.873, "10": 0.6729999999999999, "11": 0.877, "12": 0.79, "13": 0.777, "14": 0.809, "15": 0.868}, "WS": {"0": 18.3, "1": 13.1, "2": 9.0, "3": 13.5, "4": 10.7, "5": 9.9, "6": 10.2, "7": 7.2, "8": 5.1, "9": 12.1, "10": 7.5, "11": 11.5, "12": 11.6, "13": 6.1, "14": 11.4, "15": 9.7}, "WS/48": {"0": 0.272, "1": 0.249, "2": 0.155, "3": 0.198, "4": 0.21, "5": 0.192, "6": 0.16, "7": 0.141, "8": 0.078, "9": 0.205, "10": 0.133, "11": 0.19, "12": 0.192, "13": 0.098, "14": 0.20199999999999999, "15": 0.154}}