{"Rank": {"0": "1", "1": "2", "2": "3", "3": "4", "4": "5", "5": "6", "6": "7", "7": "8", "8": "9", "9": "10", "10": "11", "11": "12", "12": "13", "13": "14", "14": "15", "15": "16T", "16": "16T", "17": "16T"}, "Player": {"0": "Bill Russell", "1": "Bob Pettit", "2": "Elgin Baylor", "3": "Wilt Chamberlain", "4": "Oscar Robertson", "5": "Bob Cousy", "6": "Tom Heinsohn", "7": "Dolph Schayes", "8": "Bailey Howell", "9": "Gene Shue", "10": "Jack Twyman", "11": "Jerry West", "12": "Clyde Lovellette", "13": "Cliff Hagan", "14": "Richie Guerin", "15": "Paul Arizin", "16": "Willie Naulls", "17": "Kenny Sears"}, "Age": {"0": 26, "1": 28, "2": 26, "3": 24, "4": 22, "5": 32, "6": 26, "7": 32, "8": 24, "9": 29, "10": 26, "11": 22, "12": 31, "13": 29, "14": 28, "15": 32, "16": 26, "17": 27}, "Tm": {"0": "BOS", "1": "STL", "2": "LAL", "3": "PHW", "4": "CIN", "5": "BOS", "6": "BOS", "7": "SYR", "8": "DET", "9": "DET", "10": "CIN", "11": "LAL", "12": "STL", "13": "STL", "14": "NYK", "15": "PHW", "16": "NYK", "17": "NYK"}, "First": {"0": 35.0, "1": 14.0, "2": 10.0, "3": 3.0, "4": 7.0, "5": 2.0, "6": 3.0, "7": 1.0, "8": 1.0, "9": 0.0, "10": 0.0, "11": 1.0, "12": 0.0, "13": 0.0, "14": 0.0, "15": 0.0, "16": 0.0, "17": 0.0}, "Pts Won": {"0": 213.0, "1": 125.0, "2": 116.0, "3": 81.0, "4": 70.0, "5": 17.0, "6": 15.0, "7": 12.0, "8": 9.0, "9": 8.0, "10": 6.0, "11": 5.0, "12": 4.0, "13": 3.0, "14": 2.0, "15": 1.0, "16": 1.0, "17": 1.0}, "Pts Max": {"0": 380, "1": 380, "2": 380, "3": 380, "4": 380, "5": 380, "6": 380, "7": 380, "8": 380, "9": 380, "10": 380, "11": 380, "12": 380, "13": 380, "14": 380, "15": 380, "16": 380, "17": 380}, "Share": {"0": 0.561, "1": 0.32899999999999996, "2": 0.305, "3": 0.213, "4": 0.184, "5": 0.045, "6": 0.039, "7": 0.032, "8": 0.024, "9": 0.021, "10": 0.016, "11": 0.013000000000000001, "12": 0.011000000000000001, "13": 0.008, "14": 0.005, "15": 0.003, "16": 0.003, "17": 0.003}, "G": {"0": 78, "1": 76, "2": 73, "3": 79, "4": 71, "5": 76, "6": 74, "7": 79, "8": 77, "9": 78, "10": 79, "11": 79, "12": 67, "13": 77, "14": 79, "15": 79, "16": 79, "17": 52}, "MP": {"0": 44.3, "1": 39.8, "2": 42.9, "3": 47.8, "4": 42.7, "5": 32.5, "6": 30.5, "7": 38.1, "8": 38.3, "9": 43.1, "10": 37.0, "11": 35.4, "12": 31.5, "13": 35.1, "14": 38.3, "15": 37.2, "16": 37.7, "17": 26.8}, "PTS": {"0": 16.9, "1": 27.9, "2": 34.8, "3": 38.4, "4": 30.5, "5": 18.1, "6": 21.3, "7": 23.6, "8": 23.6, "9": 22.6, "10": 25.3, "11": 17.6, "12": 22.0, "13": 22.1, "14": 21.8, "15": 23.2, "16": 23.4, "17": 14.4}, "TRB": {"0": 23.9, "1": 20.3, "2": 19.8, "3": 27.2, "4": 10.1, "5": 4.4, "6": 9.9, "7": 12.2, "8": 14.4, "9": 4.3, "10": 8.5, "11": 7.7, "12": 10.1, "13": 9.3, "14": 7.9, "15": 8.6, "16": 13.4, "17": 5.6}, "AST": {"0": 3.4, "1": 3.4, "2": 5.1, "3": 1.9, "4": 9.7, "5": 7.7, "6": 1.9, "7": 3.7, "8": 2.5, "9": 6.8, "10": 2.8, "11": 4.2, "12": 2.6, "13": 4.9, "14": 6.4, "15": 2.4, "16": 2.4, "17": 2.0}, "STL": {"0": NaN, "1": NaN, "2": NaN, "3": NaN, "4": NaN, "5": NaN, "6": NaN, "7": NaN, "8": NaN, "9": NaN, "10": NaN, "11": NaN, "12": NaN, "13": NaN, "14": NaN, "15": NaN, "16": NaN, "17": NaN}, "BLK": {"0": NaN, "1": NaN, "2": NaN, "3": NaN, "4": NaN, "5": NaN, "6": NaN, "7": NaN, "8": NaN, "9": NaN, "10": NaN, "11": NaN, "12": NaN, "13": NaN, "14": NaN, "15": NaN, "16": NaN, "17": NaN}, "FG%": {"0": 0.426, "1": 0.447, "2": 0.43, "3": 0.509, "4": 0.473, "5": 0.371, "6": 0.4, "7": 0.37200000000000005, "8": 0.469, "9": 0.42100000000000004, "10": 0.488, "11": 0.419, "12": 0.45299999999999996, "13": 0.444, "14": 0.396, "15": 0.425, "16": 0.428, "17": 0.424}, "3P%": {"0": NaN, "1": NaN, "2": NaN, "3": NaN, "4": NaN, "5": NaN, "6": NaN, "7": NaN, "8": NaN, "9": NaN, "10": NaN, "11": NaN, "12": NaN, "13": NaN, "14": NaN, "15": NaN, "16": NaN, "17": NaN}, "FT%": {"0": 0.55, "1": 0.7240000000000001, "2": 0.7829999999999999, "3": 0.504, "4": 0.8220000000000001, "5": 0.779, "6": 0.767, "7": 0.868, "8": 0.753, "9": 0.856, "10": 0.731, "11": 0.6659999999999999, "12": 0.83, "13": 0.82, "14": 0.792, "15": 0.833, "16": 0.816, "17": 0.825}, "WS": {"0": 13.0, "1": 14.9, "2": 14.8, "3": 18.8, "4": 13.2, "5": 7.2, "6": 6.6, "7": 8.5, "8": 11.7, "9": 7.6, "10": 9.6, "11": 6.6, "12": 8.5, "13": 10.8, "14": 5.4, "15": 9.7, "16": 5.7, "17": 4.0}, "WS/48": {"0": 0.18100000000000002, "1": 0.237, "2": 0.22699999999999998, "3": 0.24, "4": 0.21, "5": 0.14, "6": 0.141, "7": 0.136, "8": 0.19, "9": 0.10800000000000001, "10": 0.157, "11": 0.113, "12": 0.193, "13": 0.193, "14": 0.086, "15": 0.159, "16": 0.092, "17": 0.138}}